"Title","Artist","Year","TotalPlays"
"CAUGHT UP IN YOU",".38 Special",1982,82
"HOLD ON LOOSELY",".38 Special",1981,85
"ROCKIN' INTO THE NIGHT",".38 Special",1980,18
"ART FOR ARTS SAKE","10cc",1975,1
"KRYPTONITE","3 Doors Down",2000,13
"LOSER","3 Doors Down",2000,1
"WHEN I'M GONE","3 Doors Down",2002,6
"WHAT'S UP?","4 Non Blondes",1992,3
"TAKE ON ME","a-ha",1985,1
"BACK IN BLACK","AC/DC",1980,97
"BIG GUN","AC/DC",1993,6
"DIRTY DEEDS DONE DIRT CHEAP","AC/DC",1976,85
"FOR THOSE ABOUT TO ROCK","AC/DC",1981,46
"HARD AS A ROCK","AC/DC",1995,1
"HAVE A DRINK ON ME","AC/DC",1980,39
"HELLS BELLS","AC/DC",1980,74
"HIGHWAY TO HELL","AC/DC",1979,92
"IT'S A LONG WAY TO THE TOP","AC/DC",1975,39
"JAILBREAK","AC/DC",1984,1
"LET THERE BE ROCK","AC/DC",1977,3
"NIGHT PROWLER","AC/DC",1979,1
"ROCK AND ROLL AIN'T NOISE POLLUTION","AC/DC",1980,21
"SHOT DOWN IN FLAMES","AC/DC",1979,2
"T.N.T.","AC/DC",1975,66
"THUNDERSTRUCK","AC/DC",1990,34
"TOUCH TOO MUCH","AC/DC",1979,2
"WHO MADE WHO","AC/DC",1986,12
"WHOLE LOTTA ROSIE","AC/DC",1977,3
"YOU SHOOK ME ALL NIGHT LONG","AC/DC",1980,138
"HOW LONG","Ace",1974,1
"DOG ON A LEASH","Adelitas Way",2014,4
"ANGEL","Aerosmith",1987,12
"BACK IN THE SADDLE","Aerosmith",1976,39
"BIG TEN INCH","Aerosmith",1975,3
"CRAZY","Aerosmith",1993,7
"CRYIN'","Aerosmith",1993,15
"DRAW THE LINE","Aerosmith",1977,1
"DREAM ON","Aerosmith",1973,142
"DUDE (LOOKS LIKE A LADY)","Aerosmith",1987,42
"JADED","Aerosmith",2001,1
"JANIE'S GOT A GUN","Aerosmith",1989,34
"LAST CHILD","Aerosmith",1976,4
"LET THE MUSIC DO THE TALKING","Aerosmith",1985,1
"LIVIN' ON THE EDGE","Aerosmith",1993,27
"LOVE IN AN ELEVATOR","Aerosmith",1989,35
"MAMA KIN","Aerosmith",1973,5
"NO MORE NO MORE","Aerosmith",1975,2
"PINK","Aerosmith",1997,1
"RAG DOLL","Aerosmith",1987,47
"SAME OLD SONG AND DANCE","Aerosmith",1974,18
"SEASONS OF WITHER","Aerosmith",1974,2
"SWEET EMOTION","Aerosmith",1975,141
"TOYS IN THE ATTIC","Aerosmith",1975,2
"TRAIN KEPT A-ROLLIN'","Aerosmith",1974,15
"WALK THIS WAY","Aerosmith",1975,106
"WHAT IT TAKES","Aerosmith",1989,31
"HAND IN MY POCKET","Alanis Morissette",1995,1
"YOU OUGHTA KNOW","Alanis Morissette",1995,6
"BLACK VELVET","Alannah Myles",1989,1
"BILLION DOLLAR BABIES","Alice Cooper",1973,2
"EIGHTEEN","Alice Cooper",1971,4
"ELECTED","Alice Cooper",1973,1
"I'M EIGHTEEN","Alice Cooper",1971,24
"NO MORE MR. NICE GUY","Alice Cooper",1973,39
"SCHOOL'S OUT","Alice Cooper",1972,44
"UNDER MY WHEELS","Alice Cooper",1971,18
"WELCOME TO MY NIGHTMARE","Alice Cooper",1975,10
"DOWN IN A HOLE","Alice In Chains",1992,1
"MAN IN THE BOX","Alice In Chains",1990,13
"NO EXCUSES","Alice In Chains",1994,2
"ROOSTER","Alice In Chains",1992,2
"THEM BONES","Alice In Chains",1992,2
"WOULD?","Alice In Chains",1992,2
"AIN'T WASTIN' TIME NO MORE","Allman Brothers Band",1972,1
"BLUE SKY","Allman Brothers Band",1972,1
"GOOD CLEAN FUN","Allman Brothers Band",1990,2
"IN MEMORY OF ELIZABETH REED","Allman Brothers Band",1970,1
"JESSICA","Allman Brothers Band",1973,12
"MELISSA","Allman Brothers Band",1972,6
"MIDNIGHT RIDER","Allman Brothers Band",1970,21
"NO ONE TO RUN WITH","Allman Brothers Band",1994,3
"RAMBLIN' MAN","Allman Brothers Band",1973,34
"STATESBORO BLUES","Allman Brothers Band",1971,4
"A HORSE WITH NO NAME","America",1972,26
"SISTER GOLDEN HAIR","America",1975,19
"VENTURA HIGHWAY","America",1972,1
"DON'T BRING ME DOWN","Animals II",1966,1
"DON'T LET ME BE MISUNDERSTOOD","Animals II",1965,1
"HOLD YOUR HEAD UP","Argent",1972,11
"HEAT OF THE MOMENT","Asia",1982,37
"ONLY TIME WILL TELL","Asia",1982,3
"SO INTO YOU","Atlanta Rhythm Section",1976,1
"LIKE A STONE","Audioslave",2002,1
"TURN UP THE RADIO","Autograph",1984,21
"LET IT RIDE","Bachman-Turner Overdrive",1973,13
"TAKIN' CARE OF BUSINESS","Bachman-Turner Overdrive",1973,39
"YOU AIN'T SEEN NOTHIN' YET","Bachman-Turner Overdrive",1974,69
"BAD COMPANY","Bad Company",1974,96
"BURNIN' SKY","Bad Company",1977,41
"CAN'T GET ENOUGH","Bad Company",1974,41
"SEAGULL","Bad Company",1974,1
"SHOOTING STAR","Bad Company",1975,62
"WHEN I SEE YOU SMILE","Bad English",1989,1
"NO MATTER WHAT","Badfinger",1970,2
"(YOU GOTTA) FIGHT FOR YOUR RIGHT (TO PARTY)","Beastie Boys",1986,4
"NO SLEEP TILL BROOKLYN","Beastie Boys",1986,3
"LOSER","Beck",1994,1
"IN A BIG COUNTRY","Big Country",1983,2
"ROCK AROUND THE CLOCK","Bill Haley",1955,1
"AIN'T NO SUNSHINE","Bill Withers",1971,1
"CRADLE OF LOVE","Billy Idol",1990,6
"DANCING WITH MYSELF","Billy Idol",1980,20
"EYES WITHOUT A FACE","Billy Idol",1984,2
"REBEL YELL","Billy Idol",1984,89
"WHITE WEDDING","Billy Idol",1982,84
"ALLENTOWN","Billy Joel",1982,1
"BIG SHOT","Billy Joel",1978,27
"CAPTAIN JACK","Billy Joel",1973,7
"GOODNIGHT SAIGON","Billy Joel",1983,1
"IT'S STILL ROCK AND ROLL TO ME","Billy Joel",1980,22
"MIAMI 2017 {SEEN THE LIGHTS GO OUT ON BROADWAY} (LIVE 1","Billy Joel",1976,5
"MOVIN' OUT (ANTHONY'S SONG)","Billy Joel",1977,26
"MY LIFE","Billy Joel",1978,11
"NEW YORK STATE OF MIND","Billy Joel",1976,2
"ONLY THE GOOD DIE YOUNG","Billy Joel",1977,21
"PIANO MAN","Billy Joel",1973,37
"SCENES FROM AN ITALIAN RESTAURANT","Billy Joel",1977,3
"SHE'S ALWAYS A WOMAN","Billy Joel",1977,1
"SOMETIMES A FANTASY","Billy Joel",1980,3
"THE BALLAD OF BILLY THE KID","Billy Joel",1973,2
"THE STRANGER","Billy Joel",1977,5
"YOU MAY BE RIGHT","Billy Joel",1980,30
"LONELY IS THE NIGHT","Billy Squier",1981,80
"ROCK ME TONIGHT","Billy Squier",1984,1
"THE STROKE","Billy Squier",1981,83
"FAIRIES WEAR BOOTS","Black Sabbath",1970,1
"HEAVEN AND HELL","Black Sabbath",1980,1
"IRON MAN","Black Sabbath",1972,40
"N.I.B.","Black Sabbath",1970,8
"NEON KNIGHTS","Black Sabbath",1980,1
"PARANOID","Black Sabbath",1970,105
"SWEET LEAF","Black Sabbath",1971,34
"THE WIZARD","Black Sabbath",1970,1
"WAR PIGS","Black Sabbath",1970,38
"TRAIN, TRAIN","Blackfoot",1979,25
"CAN'T FIND MY WAY HOME","Blind Faith",1969,4
"PRESENCE OF THE LORD","Blind Faith",1969,1
"NO RAIN","Blind Melon",1992,2
"ALL THE SMALL THINGS","Blink-182",1999,1
"CALL ME","Blondie",1980,26
"HEART OF GLASS","Blondie",1978,11
"ONE WAY OR ANOTHER","Blondie",1978,21
"(DON'T FEAR) THE REAPER","Blue Oyster Cult",1976,99
"BURNIN' FOR YOU","Blue Oyster Cult",1981,107
"GODZILLA","Blue Oyster Cult",1977,9
"I LOVE THE NIGHT","Blue Oyster Cult",1977,2
"SONG 2","Blur",1997,3
"JUST LIKE A WOMAN","Bob Dylan",1966,1
"KNOCKIN' ON HEAVEN'S DOOR","Bob Dylan",1973,22
"LIKE A ROLLING STONE","Bob Dylan",1965,3
"POSITIVELY 4TH STREET","Bob Dylan",1965,3
"SUBTERRANEAN HOMESICK BLUES","Bob Dylan",1965,1
"TANGLED UP IN BLUE","Bob Dylan",1975,5
"NO WOMAN, NO CRY","Bob Marley",1975,1
"ONE LOVE","Bob Marley",1977,2
"AGAINST THE WIND","Bob Seger",1980,39
"FIRE DOWN BELOW","Bob Seger",1977,1
"HER STRUT","Bob Seger",1980,29
"HOLLYWOOD NIGHTS","Bob Seger",1978,43
"KATMANDU","Bob Seger",1975,7
"MAINSTREET","Bob Seger",1977,7
"NIGHT MOVES","Bob Seger",1976,47
"OLD TIME ROCK & ROLL","Bob Seger",1978,42
"RAMBLIN' GAMBLIN' MAN","Bob Seger",1968,12
"ROCK AND ROLL NEVER FORGETS","Bob Seger",1977,24
"STILL THE SAME","Bob Seger",1978,15
"TURN THE PAGE","Bob Seger",1973,91
"WE'VE GOT TONITE","Bob Seger",1978,1
"BAD MEDICINE","Bon Jovi",1988,7
"BLAZE OF GLORY","Bon Jovi",1990,8
"BORN TO BE MY BABY","Bon Jovi",1989,1
"LAY YOUR HANDS ON ME","Bon Jovi",1988,2
"LIVIN' ON A PRAYER","Bon Jovi",1986,74
"RUNAWAY","Bon Jovi",1984,41
"WANTED DEAD OR ALIVE","Bon Jovi",1986,87
"YOU GIVE LOVE A BAD NAME","Bon Jovi",1986,63
"GREEN ONIONS","Booker T. and the MG's",1962,4
"AMANDA","Boston",1986,4
"DON'T LOOK BACK","Boston",1978,86
"FOREPLAY (LONG TIME)","Boston",1976,94
"HITCH A RIDE","Boston",1976,11
"LET ME TAKE YOU HOME TONIGHT","Boston",1976,22
"MORE THAN A FEELING","Boston",1976,134
"PEACE OF MIND","Boston",1976,132
"ROCK & ROLL BAND","Boston",1976,59
"SMOKIN'","Boston",1976,33
"LIDO SHUFFLE","Boz Scaggs",1976,11
"LOWDOWN","Boz Scaggs",1976,1
"THE WAY IT IS","Bruce Hornsby & The Range",1986,7
"ATLANTIC CITY","Bruce Springsteen",1982,1
"BACKSTREETS","Bruce Springsteen",1975,1
"BADLANDS","Bruce Springsteen",1978,2
"BLINDED BY THE LIGHT","Bruce Springsteen",1973,1
"BORN IN THE U.S.A.","Bruce Springsteen",1984,14
"BORN TO RUN","Bruce Springsteen",1975,31
"COVER ME","Bruce Springsteen",1984,1
"DANCING IN THE DARK","Bruce Springsteen",1984,10
"GLORY DAYS","Bruce Springsteen",1984,21
"GROWIN' UP","Bruce Springsteen",1973,1
"HUNGRY HEART","Bruce Springsteen",1980,7
"I'M ON FIRE","Bruce Springsteen",1984,14
"IT'S HARD TO BE A SAINT IN THE CITY","Bruce Springsteen",1973,1
"JUNGLELAND","Bruce Springsteen",1975,2
"PINK CADILLAC","Bruce Springsteen",1984,9
"PROVE IT ALL NIGHT","Bruce Springsteen",1978,2
"RACING IN THE STREETS","Bruce Springsteen",1978,1
"ROSALITA (COME OUT TONIGHT)","Bruce Springsteen",1973,5
"SHE'S THE ONE","Bruce Springsteen",1975,1
"SPIRIT IN THE NIGHT","Bruce Springsteen",1973,5
"TENTH AVENUE FREEZE-OUT","Bruce Springsteen",1975,4
"THUNDER ROAD","Bruce Springsteen",1975,7
"CUTS LIKE A KNIFE","Bryan Adams",1983,17
"HEAVEN","Bryan Adams",1984,4
"RUN TO YOU","Bryan Adams",1984,42
"SOMEBODY","Bryan Adams",1984,1
"SUMMER OF '69","Bryan Adams",1984,52
"SORRY","Buckcherry",2007,1
"FOR WHAT IT'S WORTH","Buffalo Springfield",1966,40
"MR. SOUL","Buffalo Springfield",1967,1
"COMEDOWN","Bush",1994,5
"MACHINEHEAD","Bush",1994,3
"FAR BEHIND","Candlebox",1993,3
"GOIN' UP THE COUNTRY","Canned Heat",1968,2
"ON THE ROAD AGAIN","Canned Heat",1968,1
"IT'S TOO LATE","Carole King",1971,1
"WILD WORLD","Cat Stevens",1971,2
"IN AMERICA","Charlie Daniels Band",1980,1
"LONG HAIRED COUNTRY BOY","Charlie Daniels Band",1975,5
"THE DEVIL WENT DOWN TO GEORGIA","Charlie Daniels Band",1979,25
"THE SOUTH'S GONNA DO IT AGAIN","Charlie Daniels Band",1975,1
"UNEASY RIDER","Charlie Daniels Band",1973,2
"I WANT YOU TO WANT ME","Cheap Trick",1977,110
"SURRENDER","Cheap Trick",1978,57
"TAKE OUT THE GUNMAN","Chevelle",2014,4
"25 OR 6 TO 4","Chicago",1970,14
"FEELING STRONGER EVERY","Chicago",1973,2
"MAKE ME SMILE","Chicago",1970,1
"QUESTIONS 67 AND 68","Chicago",1969,1
"SATURDAY IN THE PARK","Chicago",1972,2
"JOHNNY B. GOODE","Chuck Berry",1958,2
"COMING HOME","Cinderella",1988,1
"DON'T KNOW WHAT YOU GOT","Cinderella",1988,3
"GYPSY ROAD","Cinderella",1988,1
"NOBODY'S FOOL","Cinderella",1986,9
"SOMEBODY SAVE ME","Cinderella",1986,1
"SHINE","Collective Soul",1993,20
"THE WORLD I KNOW","Collective Soul",1995,1
"HOT ROD LINCOLN","Commander Cody",1971,2
"MR. JONES","Counting Crows",1993,2
"LOW","Cracker",1993,2
"BADGE","Cream",1969,13
"CROSSROADS","Cream",1968,22
"I'M SO GLAD","Cream",1966,1
"SUNSHINE OF YOUR LOVE","Cream",1967,11
"TALES OF BRAVE ULYSSES","Cream",1967,1
"WHITE ROOM","Cream",1968,68
"HIGHER","Creed",1999,4
"WITH ARMS WIDE OPEN","Creed",1999,1
"BAD MOON RISING","Creedence Clearwater Revival",1969,32
"BORN ON THE BAYOU","Creedence Clearwater Revival",1969,25
"DOWN ON THE CORNER","Creedence Clearwater Revival",1969,30
"FORTUNATE SON","Creedence Clearwater Revival",1970,33
"GREEN RIVER","Creedence Clearwater Revival",1969,3
"HAVE YOU EVER SEEN THE RAIN?","Creedence Clearwater Revival",1971,57
"LODI","Creedence Clearwater Revival",1969,5
"LOOKIN' OUT MY BACK DOOR","Creedence Clearwater Revival",1970,20
"PROUD MARY","Creedence Clearwater Revival",1969,48
"RUN THROUGH THE JUNGLE","Creedence Clearwater Revival",1970,14
"SUZIE Q","Creedence Clearwater Revival",1968,8
"SWEET HITCH HIKER","Creedence Clearwater Revival",1971,1
"TRAVELIN' BAND","Creedence Clearwater Revival",1970,12
"UP AROUND THE BEND","Creedence Clearwater Revival",1970,10
"WHO'LL STOP THE RAIN","Creedence Clearwater Revival",1970,24
"HELPLESSLY HOPING","Crosby, Stills & Nash",1969,1
"LONG TIME GONE","Crosby, Stills & Nash",1969,1
"SOUTHERN CROSS","Crosby, Stills & Nash",1982,9
"SUITE: JUDY BLUE EYES","Crosby, Stills & Nash",1969,10
"CARRY ON","Crosby, Stills, Nash & Young",1970,6
"OHIO","Crosby, Stills, Nash & Young",1970,6
"WOODSTOCK","Crosby, Stills, Nash & Young",1970,37
"(I JUST) DIED IN YOUR ARMS","Cutting Crew",1986,3
"HIGH ENOUGH","Damn Yankees",1990,1
"I HEAR YOU KNOCKING","Dave Edmunds",1970,1
"WE JUST DISAGREE","Dave Mason",1977,1
"WELCOME TO THE BOOMTOWN","David & David",1986,1
"CHANGES","David Bowie",1971,33
"CHINA GIRL","David Bowie",1983,5
"DIAMOND DOGS","David Bowie",1974,1
"FAME","David Bowie",1975,59
"FASHION","David Bowie",1980,17
"GOLDEN YEARS","David Bowie",1975,10
"HEROES","David Bowie",1977,3
"LET'S DANCE","David Bowie",1983,20
"MODERN LOVE","David Bowie",1983,10
"REBEL REBEL","David Bowie",1974,43
"SPACE ODDITY","David Bowie",1969,47
"STARMAN","David Bowie",1972,1
"SUFFRAGETTE CITY","David Bowie",1972,18
"YOUNG AMERICANS","David Bowie",1975,26
"ZIGGY STARDUST","David Bowie",1972,7
"ROCK ON","David Essex",1974,33
"JUST A GIGOLO / I AIN'T GOT NOBODY","David Lee Roth",1985,8
"YANKEE ROSE","David Lee Roth",1986,8
"BURN","Deep Purple",1974,1
"CHILD IN TIME","Deep Purple",1970,1
"HIGHWAY STAR","Deep Purple",1972,22
"HUSH","Deep Purple",1968,14
"KENTUCKY WOMAN","Deep Purple",1968,2
"KNOCKING AT YOUR BACKDOO","Deep Purple",1984,1
"LAZY","Deep Purple",1972,1
"SMOKE ON THE WATER","Deep Purple",1972,43
"ANIMAL","Def Leppard",1987,35
"ARMAGEDDON IT","Def Leppard",1987,23
"HYSTERIA","Def Leppard",1987,24
"LOVE BITES","Def Leppard",1987,25
"PHOTOGRAPH","Def Leppard",1983,88
"POUR SOME SUGAR ON ME","Def Leppard",1987,70
"ROCK OF AGES","Def Leppard",1983,65
"ROCKET","Def Leppard",1987,15
"ENJOY THE SILENCE","Depeche Mode",1990,2
"BELL BOTTOM BLUES","Derek & The Dominos",1970,4
"LAYLA","Derek & The Dominos",1970,99
"BROTHERS IN ARMS","Dire Straits",1985,14
"DOWN TO THE WATERLINE","Dire Straits",1978,12
"EXPRESSO LOVE","Dire Straits",1980,10
"INDUSTRIAL DISEASE","Dire Straits",1982,21
"LADY WRITER","Dire Straits",1979,2
"MONEY FOR NOTHING","Dire Straits",1985,56
"ROMEO AND JULIET","Dire Straits",1980,8
"SO FAR AWAY","Dire Straits",1985,25
"SULTANS OF SWING","Dire Straits",1978,79
"WALK OF LIFE","Dire Straits",1985,15
"COUNTING BLUE CARS","Dishwalla",1995,3
"DRIFT AWAY","Dobie Gray",1973,22
"HEAVY METAL","Don Felder",1981,12
"ALL SHE WANTS TO DO IS DANCE","Don Henley",1985,10
"DIRTY LAUNDRY","Don Henley",1982,37
"SUNSET GRILL","Don Henley",1985,6
"THE BOYS OF SUMMER","Don Henley",1985,73
"THE HEART OF THE MATTER","Don Henley",1989,11
"AMERICAN PIE","Don McLean",1971,21
"AH! LEAH!","Donnie Iris",1980,13
"LOVE IS LIKE A ROCK","Donnie Iris",1981,1
"SEASON OF THE WITCH","Donovan",1966,1
"SUNSHINE SUPERMAN","Donovan",1966,1
"RIGHT PLACE WRONG TIME","Dr. John",1973,2
"RIO","Duran Duran",1982,1
"ALREADY GONE","Eagles",1974,71
"DESPERADO","Eagles",1973,5
"HEARTACHE TONIGHT","Eagles",1979,30
"HOTEL CALIFORNIA","Eagles",1976,109
"I CAN'T TELL YOU WHY","Eagles",1979,2
"IN THE CITY","Eagles",1979,44
"LIFE IN THE FAST LANE","Eagles",1976,86
"LYIN' EYES","Eagles",1975,27
"NEW KID IN TOWN","Eagles",1976,2
"ONE OF THESE NIGHTS","Eagles",1975,48
"PEACEFUL EASY FEELING","Eagles",1972,16
"SEVEN BRIDGES ROAD","Eagles",1980,14
"TAKE IT EASY","Eagles",1972,75
"TAKE IT TO THE LIMIT","Eagles",1975,39
"TEQUILA SUNRISE","Eagles",1973,4
"THE BEST OF MY LOVE","Eagles",1974,4
"THE LONG RUN","Eagles",1979,50
"THOSE SHOES","Eagles",1979,14
"VICTIM OF LOVE","Eagles",1976,5
"WITCHY WOMAN","Eagles",1972,14
"BABY HOLD ON","Eddie Money",1977,26
"TAKE ME HOME TONIGHT","Eddie Money",1986,35
"FREE RIDE","Edgar Winter Group",1973,26
"WAR","Edwin Starr",1970,2
"CAN'T GET IT OUT OF MY HEAD","Electric Light Orchestra",1974,1
"DON'T BRING ME DOWN","Electric Light Orchestra",1979,85
"EVIL WOMAN","Electric Light Orchestra",1975,42
"FIRE ON HIGH","Electric Light Orchestra",1975,18
"LIVIN' THING","Electric Light Orchestra",1976,12
"STRANGE MAGIC","Electric Light Orchestra",1985,5
"SWEET TALKIN' WOMAN","Electric Light Orchestra",1978,3
"TURN TO STONE","Electric Light Orchestra",1978,5
"ALL THE GIRLS LOVE ALICE","Elton John",1973,1
"BENNIE AND THE JETS","Elton John",1973,62
"CANDLE IN THE WIND","Elton John",1973,14
"CAPTAIN FANTASTIC","Elton John",1975,1
"CROCODILE ROCK","Elton John",1972,7
"DANIEL","Elton John",1973,4
"DON'T LET THE SUN GO DOWN ON ME","Elton John",1974,1
"FUNERAL FOR A FRIEND (LOVE LIES BLEEDING)","Elton John",1973,5
"GOODBYE YELLOW BRICK ROAD","Elton John",1973,27
"HARMONY","Elton John",1973,1
"HONKY CAT","Elton John",1972,2
"MADMAN ACROSS THE WATER","Elton John",1971,1
"ROCKET MAN","Elton John",1972,68
"SATURDAY NIGHT'S ALRIGHT FOR FIGHTING","Elton John",1973,34
"SOMEONE SAVED MY LIFE TONIGHT","Elton John",1975,4
"THE BITCH IS BACK","Elton John",1974,1
"TINY DANCER","Elton John",1971,51
"WHERE TO NOW ST. PETER","Elton John",1970,1
"YOUR SONG","Elton John",1970,17
"FOOLED AROUND AND FELL IN LOVE","Elvin Bishop",1975,1
"ALISON","Elvis Costello",1977,13
"PUMP IT UP","Elvis Costello",1978,3
"VERONICA","Elvis Costello",1989,8
"FROM THE BEGINNING","Emerson, Lake & Palmer",1972,1
"KARN EVIL 9","Emerson, Lake & Palmer",1973,11
"LUCKY MAN","Emerson, Lake & Palmer",1970,8
"STILL YOU TURN ME ON","Emerson, Lake & Palmer",1973,1
"AFTER MIDNIGHT","Eric Clapton",1970,16
"BAD LOVE","Eric Clapton",1989,14
"COCAINE","Eric Clapton",1977,84
"FOREVER MAN","Eric Clapton",1985,9
"I CAN'T STAND IT","Eric Clapton",1981,9
"I SHOT THE SHERIFF","Eric Clapton",1974,39
"IT'S IN THE WAY THAT YOU USE IT","Eric Clapton",1986,10
"LAY DOWN SALLY","Eric Clapton",1977,10
"LET IT GROW","Eric Clapton",1974,4
"LET IT RAIN","Eric Clapton",1970,24
"PRETENDING","Eric Clapton",1989,6
"SHE'S WAITING","Eric Clapton",1985,3
"THE CORE","Eric Clapton",1977,1
"WONDERFUL TONIGHT","Eric Clapton",1977,15
"CLIFFS OF DOVER","Eric Johnson",1990,2
"THE FINAL COUNTDOWN","Europe",1986,5
"SWEET DREAMS (ARE MADE OF THIS)","Eurythmics",1982,2
"SANTA MONICA","Everclear",1996,2
"WHAT IT'S LIKE","Everlast",1999,4
"MORE THAN WORDS","Extreme",1991,1
"OOH LA LA","Faces",1973,1
"STAY WITH ME","Faces",1971,19
"EPIC","Faith No More",1989,3
"HOUSE OF PAIN","Faster Pussycat",1990,1
"SIGNS","Five Man Electrical Band",1970,10
"DON'T STOP","Fleetwood Mac",1977,50
"DREAMS","Fleetwood Mac",1977,53
"GO YOUR OWN WAY","Fleetwood Mac",1977,77
"GOLD DUST WOMAN","Fleetwood Mac",1977,37
"GYPSY","Fleetwood Mac",1982,67
"HOLD ME","Fleetwood Mac",1982,1
"HYPNOTIZED","Fleetwood Mac",1973,2
"I DON'T WANT TO KNOW","Fleetwood Mac",1977,3
"LANDSLIDE","Fleetwood Mac",1975,29
"LITTLE LIES","Fleetwood Mac",1987,1
"MONDAY MORNING","Fleetwood Mac",1975,30
"NEVER GOING BACK AGAIN","Fleetwood Mac",1977,1
"OH WELL","Fleetwood Mac",1969,10
"RHIANNON","Fleetwood Mac",1975,48
"SARA","Fleetwood Mac",1980,1
"SECOND HAND NEWS","Fleetwood Mac",1977,4
"THE CHAIN","Fleetwood Mac",1977,65
"TUSK","Fleetwood Mac",1979,6
"YOU MAKE LOVING FUN","Fleetwood Mac",1977,31
"HOCUS POCUS","Focus",1971,6
"FOOL FOR THE CITY","Foghat",1975,26
"SLOW RIDE","Foghat",1975,77
"ALL MY LIFE","Foo Fighters",2002,2
"BEST OF YOU","Foo Fighters",2005,1
"EVERLONG","Foo Fighters",1997,6
"LEARN TO FLY","Foo Fighters",1999,10
"MONKEY WRENCH","Foo Fighters",1997,3
"MY HERO","Foo Fighters",1997,7
"THE PRETENDER","Foo Fighters",2007,1
"THESE DAYS","Foo Fighters",2011,2
"TIMES LIKE THESE","Foo Fighters",2002,1
"COLD AS ICE","Foreigner",1977,102
"DIRTY WHITE BOY","Foreigner",1979,17
"DOUBLE VISION","Foreigner",1978,83
"FEELS LIKE THE FIRST TIME","Foreigner",1977,75
"HOT BLOODED","Foreigner",1978,82
"I WANT TO KNOW WHAT LOVE IS","Foreigner",1984,4
"JUKE BOX HERO","Foreigner",1981,75
"THAT WAS YESTERDAY","Foreigner",1984,4
"URGENT","Foreigner",1981,61
"WAITING FOR A GIRL LIKE YOU","Foreigner",1981,5
"JOE'S GARAGE","Frank Zappa",1979,1
"ALL RIGHT NOW","Free",1970,97
"WISHING WELL","Free",1973,1
"MAGGOT BRAIN","Funkadelic",1971,1
"CARS","Gary Numan",1979,1
"DREAM WEAVER","Gary Wright",1975,9
"A TRICK OF THE TAIL","Genesis",1976,1
"ABACAB","Genesis",1981,35
"FOLLOW YOU FOLLOW ME","Genesis",1978,18
"HOME BY THE SEA/SECOND HOME BY THE SEA","Genesis",1983,1
"LAND OF CONFUSION","Genesis",1986,17
"MAMA","Genesis",1983,17
"MAN ON THE CORNER","Genesis",1981,12
"MISUNDERSTANDING","Genesis",1980,23
"NO REPLY AT ALL","Genesis",1981,18
"THAT'S ALL","Genesis",1983,35
"THE LAMB LIES DOWN ON BROADWAY","Genesis",1974,23
"TONIGHT TONIGHT (LIVE)","Genesis",1986,1
"TURN IT ON AGAIN","Genesis",1980,23
"GIVE ME LOVE","George Harrison",1973,3
"GOT MY MIND SET ON YOU","George Harrison",1987,1
"MY SWEET LORD","George Harrison",1970,6
"BAD TO THE BONE","George Thorogood",1982,63
"I DRINK ALONE","George Thorogood",1985,33
"KEEP YOUR HANDS TO YOURSELF","Georgia Satellites",1986,17
"BAKER STREET","Gerry Rafferty",1978,16
"RIGHT DOWN THE LINE","Gerry Rafferty",1978,8
"FOUND OUT ABOUT YOU","Gin Blossoms",1993,1
"HEY JEALOUSY","Gin Blossoms",1992,3
"SMUGGLER'S BLUES","Glenn Frey",1984,3
"YOU BELONG TO THE CITY","Glenn Frey",1985,2
"ARE YOU RECEIVING ME","Golden Earring",1973,1
"RADAR LOVE","Golden Earring",1973,66
"TWILIGHT ZONE","Golden Earring",1983,75
"SUNDOWN","Gordon Lightfoot",1974,7
"BAD TIME","Grand Funk Railroad",1974,1
"CLOSER TO HOME (I'M YOUR CAPTAIN)","Grand Funk Railroad",1970,8
"LOCO-MOTION","Grand Funk Railroad",1974,9
"SHININ' ON","Grand Funk Railroad",1974,1
"SOME KIND OF WONDERFUL","Grand Funk Railroad",1975,14
"WE'RE AN AMERICAN BAND","Grand Funk Railroad",1973,25
"CASEY JONES","Grateful Dead",1970,3
"FRIEND OF THE DEVIL","Grateful Dead",1970,2
"SUGAR MAGNOLIA","Grateful Dead",1970,3
"TOUCH OF GREY","Grateful Dead",1987,26
"TRUCKIN'","Grateful Dead",1970,19
"UNCLE JOHN'S BAND","Grateful Dead",1969,9
"ONCE BITTEN, TWICE SHY","Great White",1989,12
"BASKET CASE","Green Day",1994,5
"BOULEVARD OF BROKEN DREAMS","Green Day",2004,6
"BRAIN STEW/JADED","Green Day",1995,1
"GOOD RIDDANCE (TIME OF YOUR LIFE)","Green Day",1997,10
"HOLIDAY (LIVE)","Green Day",2004,4
"HOLIDAY / BOULEVARD OF BROKEN DREAMS","Green Day",2004,5
"LONGVIEW","Green Day",1994,2
"WHEN I COME AROUND","Green Day",1994,14
"THE BREAK UP SONG","Greg Kihn Band",1981,49
"I'M NO ANGEL","Gregg Allman",1987,17
"MIDNIGHT RIDER","Gregg Allman",1970,6
"AMERICAN WOMAN","Guess Who",1970,80
"NO SUGAR TONIGHT / NEW MOTHER NATURE","Guess Who",1970,11
"THESE EYES","Guess Who",1969,1
"CIVIL WAR","Guns N' Roses",1991,1
"MR. BROWNSTONE","Guns N' Roses",1987,1
"MY MICHELLE","Guns N' Roses",1987,1
"NOVEMBER RAIN","Guns N' Roses",1991,13
"PARADISE CITY","Guns N' Roses",1987,75
"PATIENCE","Guns N' Roses",1988,21
"SWEET CHILD O' MINE","Guns N' Roses",1987,85
"USED TO LOVE HER","Guns N' Roses",1988,1
"WELCOME TO THE JUNGLE","Guns N' Roses",1987,74
"AXEL F THEME","Harold Faltermeyer",1984,1
"CAT'S IN THE CRADLE","Harry Chapin",1974,4
"W*O*L*D*","Harry Chapin",1974,1
"NEVER BEEN ANY REASON","Head East",1975,16
"ALONE","Heart",1987,4
"BARRACUDA","Heart",1977,113
"CRAZY ON YOU","Heart",1976,125
"DREAMBOAT ANNIE","Heart",1976,3
"HOW CAN I REFUSE","Heart",1983,2
"MAGIC MAN","Heart",1976,115
"STRAIGHT ON","Heart",1978,36
"GREY GHOST","Henry Paul Band",1979,1
"LONG COOL WOMAN","Hollies",1971,39
"ALL YOU ZOMBIES","Hooters",1985,4
"AND WE DANCED","Hooters",1985,4
"I WANT A NEW DRUG","Huey Lewis & The News",1983,4
"30 DAYS IN THE HOLE","Humble Pie",1972,2
"LUST FOR LIFE","Iggy Pop",1977,4
"THE PASSENGER","Iggy Pop",1977,1
"RADIOACTIVE","Imagine Dragons",2012,3
"DEVIL INSIDE","INXS",1988,5
"NEED YOU TONIGHT","INXS",1987,12
"WHAT YOU NEED","INXS",1985,28
"IN A GADDA DA VIDA","Iron Butterfly",1968,1
"FLIGHT OF ICARUS","Iron Maiden",1983,1
"RUN TO THE HILLS","Iron Maiden",1982,27
"THE NUMBER OF THE BEAST","Iron Maiden",1982,18
"THE TROOPER","Iron Maiden",1983,3
"WASTED YEARS","Iron Maiden",1986,8
"CENTERFOLD","J. Geils Band",1981,78
"FREEZE-FRAME","J. Geils Band",1981,17
"GIVE IT TO ME","J. Geils Band",1973,28
"DOCTOR MY EYES","Jackson Browne",1972,9
"LOAD OUT/STAY","Jackson Browne",1977,2
"REDNECK FRIEND","Jackson Browne",1973,1
"RUNNING ON EMPTY","Jackson Browne",1977,39
"SOMEBODY'S BABY","Jackson Browne",1982,7
"THE LOAD-OUT/STAY","Jackson Browne",1977,21
"THE ROAD AND THE SKY","Jackson Browne",1977,1
"FUNK #49","James Gang",1970,18
"YOU'VE GOT A FRIEND","JAMES TAYLOR",1971,1
"BEEN CAUGHT STEALING","Jane's Addiction",1990,3
"JANE SAYS","Jane's Addiction",1988,1
"GET IT WHILE YOU CAN","Janis Joplin",1971,1
"ME AND BOBBY MCGEE","Janis Joplin",1971,23
"MOVE OVER","Janis Joplin",1971,2
"PIECE OF MY HEART","Janis Joplin",1968,28
"THUNDER ISLAND","Jay Ferguson",1978,3
"FREEWAY JAM","Jeff Beck",1975,1
"SOMEBODY TO LOVE","Jefferson Airplane",1967,13
"WHITE RABBIT","Jefferson Airplane",1967,23
"JANE","Jefferson Starship",1979,32
"WE BUILT THIS CITY","Jefferson Starship",1985,3
"RIGHT HERE RIGHT NOW","Jesus Jones",1991,3
"ARE YOU GONNA BE MY GIRL","Jet",2003,1
"COLD HARD BITCH","Jet",2004,2
"AQUALUNG","Jethro Tull",1971,21
"BUNGLE IN THE JUNGLE","Jethro Tull",1974,19
"CROSS-EYED MARY","Jethro Tull",1971,12
"LIVING IN THE PAST","Jethro Tull",1969,13
"LOCOMOTIVE BREATH","Jethro Tull",1971,53
"TEACHER","Jethro Tull",1972,17
"TIME IN A BOTTLE","Jim Croce",1972,1
"ALL ALONG THE WATCHTOWER","Jimi Hendrix",1968,141
"ANGEL","Jimi Hendrix",1971,1
"ARE YOU EXPERIENCED?","Jimi Hendrix",1967,4
"CROSSTOWN TRAFFIC","Jimi Hendrix",1968,8
"DOLLY DAGGER","Jimi Hendrix",1970,3
"FIRE","Jimi Hendrix",1967,63
"FOXEY LADY","Jimi Hendrix",1967,50
"HEY JOE","Jimi Hendrix",1966,51
"LITTLE WING","Jimi Hendrix",1967,6
"MANIC DEPRESSION","Jimi Hendrix",1967,7
"PURPLE HAZE","Jimi Hendrix",1967,67
"RED HOUSE","Jimi Hendrix",1967,4
"STONE FREE","Jimi Hendrix",1966,4
"THE WIND CRIES MARY","Jimi Hendrix",1967,21
"THIRD STONE FROM THE SUN","Jimi Hendrix",1967,2
"VOODOO CHILD (SLIGHT RETURN)","Jimi Hendrix",1968,2
"MARGARITAVILLE","Jimmy Buffett",1977,17
"SON OF A SON OF A SAILOR","Jimmy Buffett",1978,1
"WHY DON'T WE GET DRUNK","Jimmy Buffett",1973,2
"BAD REPUTATION","Joan Jett",1981,1
"I HATE MYSELF FOR LOVING YOU","Joan Jett",1988,16
"I LOVE ROCK 'N ROLL","Joan Jett",1981,82
"WITH A LITTLE HELP FROM MY FRIENDS","Joe Cocker",1968,9
"IS SHE REALLY GOING OUT WITH HIM?","Joe Jackson",1979,6
"A LIFE OF ILLUSION","Joe Walsh",1981,5
"ALL NIGHT LONG","Joe Walsh",1980,41
"ANALOG MAN","Joe Walsh",2012,1
"FUNK #49","Joe Walsh",2012,4
"IN THE CITY","Joe Walsh",1979,6
"ORDINARY AVERAGE GUY","Joe Walsh",1991,2
"ROCKY MOUNTAIN WAY","Joe Walsh",1973,70
"ON THE DARK SIDE","John Cafferty",1983,19
"CENTERFIELD","John Fogerty",1985,11
"THE OLD MAN DOWN THE ROAD","John Fogerty",1985,12
"#9 DREAM","John Lennon",1974,2
"IMAGINE","John Lennon",1971,31
"INSTANT KARMA","John Lennon",1970,21
"WATCHING THE WHEELS","John Lennon",1980,14
"WOMAN","John Lennon",1980,1
"AUTHORITY SONG","John Mellencamp",1983,20
"CRUMBLIN' DOWN","John Mellencamp",1983,17
"HURTS SO GOOD","John Mellencamp",1982,40
"I NEED A LOVER","John Mellencamp",1978,24
"JACK & DIANE","John Mellencamp",1982,73
"LONELY OL' NIGHT","John Mellencamp",1985,7
"PAPER IN FIRE","John Mellencamp",1987,1
"PINK HOUSES","John Mellencamp",1984,34
"R.O.C.K. IN THE U.S.A.","John Mellencamp",1985,4
"RAIN ON THE SCARECROW","John Mellencamp",1985,1
"SMALL TOWN","John Mellencamp",1985,55
"I CAN SEE CLEARLY NOW","Johnny Nash",1972,2
"BRICKYARD ROAD","Johnny Van Zant",1990,1
"ROADRUNNER","Jonathan Richman",1977,1
"ANY WAY YOU WANT IT","Journey",1980,105
"DON'T STOP BELIEVIN'","Journey",1981,105
"FAITHFULLY","Journey",1983,14
"FEELING THAT WAY","Journey",1978,13
"LIGHTS","Journey",1978,93
"LOVIN', TOUCHIN' SQUEEZIN'","Journey",1979,60
"ONLY THE YOUNG","Journey",1985,3
"OPEN ARMS","Journey",1982,10
"SEND HER MY LOVE","Journey",1983,1
"SEPARATE WAYS (WORLDS APART)","Journey",1983,100
"WHEEL IN THE SKY","Journey",1978,114
"WHO'S CRYING NOW","Journey",1981,29
"BREAKING THE LAW","Judas Priest",1980,7
"ELECTRIC EYE","Judas Priest",1982,1
"LIVING AFTER MIDNIGHT","Judas Priest",1980,32
"THE RIPPER","Judas Priest",1976,1
"CARRY ON WAYWARD SON","Kansas",1976,134
"DUST IN THE WIND","Kansas",1977,62
"PLAY THE GAME TONIGHT","Kansas",1982,1
"POINT OF KNOW RETURN","Kansas",1977,30
"I'M ALRIGHT","Kenny Loggins",1980,5
"ALL SUMMER LONG","Kid Rock",2007,8
"COWBOY","Kid Rock",1998,3
"LET'S RIDE","Kid Rock",2012,1
"SEX ON FIRE","Kings of Leon",2008,1
"USE SOMEBODY","Kings of Leon",2008,2
"BETH","Kiss",1976,2
"CALLING DR. LOVE","Kiss",1976,4
"COLD GIN","Kiss",1973,2
"DETROIT ROCK CITY","Kiss",1976,27
"LICK IT UP","Kiss",1983,4
"ROCK AND ROLL ALL NITE","Kiss",1975,119
"STRUTTER","Kiss",1974,1
"ALL MY LOVE","Led Zeppelin",1979,83
"BABE I'M GONNA LEAVE YOU","Led Zeppelin",1969,24
"BLACK DOG","Led Zeppelin",1971,105
"BLACK MOUNTAIN SIDE","Led Zeppelin",1969,1
"BONZO'S MONTREAUX","Led Zeppelin",1982,3
"BOOGIE WITH STU","Led Zeppelin",1975,4
"BRING IT ON HOME","Led Zeppelin",1969,1
"BRON-Y-AUR STOMP","Led Zeppelin",1970,2
"CELEBRATION DAY","Led Zeppelin",1970,4
"COMMUNICATION BREAKDOWN","Led Zeppelin",1969,18
"CUSTARD PIE","Led Zeppelin",1975,6
"D'YER MAK'ER","Led Zeppelin",1973,88
"DANCING DAYS","Led Zeppelin",1973,28
"DARLENE","Led Zeppelin",1982,2
"DAZED AND CONFUSED","Led Zeppelin",1969,15
"DOWN BY THE SEASIDE","Led Zeppelin",1975,1
"FOOL IN THE RAIN","Led Zeppelin",1979,69
"FOR YOUR LIFE","Led Zeppelin",1976,1
"FOUR STICKS","Led Zeppelin",1971,5
"FRIENDS","Led Zeppelin",1970,2
"GALLOWS POLE","Led Zeppelin",1970,4
"GOING TO CALIFORNIA","Led Zeppelin",1971,42
"GOOD TIMES BAD TIMES","Led Zeppelin",1969,43
"HATS OFF TO {ROY} HARPER","Led Zeppelin",1970,8
"HEARTBREAKER/LIVING LOVING MAID {SHE'S JUST A WOMAN}","Led Zeppelin",1969,35
"HEY HEY WHAT CAN I DO","Led Zeppelin",1970,32
"HOT DOG","Led Zeppelin",1979,4
"HOUSES OF THE HOLY","Led Zeppelin",1975,45
"HOW MANY MORE TIMES","Led Zeppelin",1969,2
"I CAN'T QUIT YOU BABY","Led Zeppelin",1969,1
"IMMIGRANT SONG","Led Zeppelin",1970,87
"IN MY TIME OF DYING","Led Zeppelin",1975,2
"IN THE EVENING","Led Zeppelin",1979,11
"IN THE LIGHT","Led Zeppelin",1975,4
"KASHMIR","Led Zeppelin",1975,64
"LIVING LOVING MAID (SHE'S JUST A WOMAN)","Led Zeppelin",1969,7
"MISTY MOUNTAIN HOP","Led Zeppelin",1971,31
"MOBY DICK","Led Zeppelin",1969,5
"NIGHT FLIGHT","Led Zeppelin",1975,1
"NO QUARTER","Led Zeppelin",1973,3
"OUT ON THE TILES","Led Zeppelin",1970,6
"OVER THE HILLS AND FAR AWAY","Led Zeppelin",1973,94
"RAMBLE ON","Led Zeppelin",1969,90
"ROCK AND ROLL","Led Zeppelin",1971,92
"ROYAL ORLEANS","Led Zeppelin",1976,2
"SINCE I'VE BEEN LOVING YOU","Led Zeppelin",1970,11
"SOUTH BOUND SAUREZ","Led Zeppelin",1979,1
"STAIRWAY TO HEAVEN","Led Zeppelin",1971,79
"TANGERINE","Led Zeppelin",1970,1
"TEN YEARS GONE","Led Zeppelin",1975,5
"THANK YOU","Led Zeppelin",1969,8
"THAT'S THE WAY","Led Zeppelin",1970,1
"THE BATTLE OF EVERMORE","Led Zeppelin",1971,11
"THE CRUNGE","Led Zeppelin",1973,1
"THE LEMON SONG","Led Zeppelin",1969,3
"THE OCEAN","Led Zeppelin",1973,54
"THE RAIN SONG","Led Zeppelin",1973,3
"THE ROVER","Led Zeppelin",1975,2
"THE SONG REMAINS THE SAME","Led Zeppelin",1973,2
"THE WANTON SONG","Led Zeppelin",1975,1
"TRAMPLED UNDER FOOT","Led Zeppelin",1975,35
"TRAVELING RIVERSIDE BLUES","Led Zeppelin",1982,9
"WHAT IS AND WHAT SHOULD NEVER BE","Led Zeppelin",1969,40
"WHEN THE LEVEE BREAKS","Led Zeppelin",1971,17
"WHOLE LOTTA LOVE","Led Zeppelin",1969,72
"YOU SHOOK ME","Led Zeppelin",1969,3
"YOUR TIME IS GONNA COME","Led Zeppelin",1969,10
"AMERICAN WOMAN","Lenny Kravitz",1998,4
"ARE YOU GONNA GO MY WAY","Lenny Kravitz",1993,11
"FLY AWAY","Lenny Kravitz",1998,10
"MY OWN WORST ENEMY","Lit",1999,2
"CLOSE MY EYES FOREVER","Lita Ford",1988,5
"KISS ME DEADLY","Lita Ford",1988,1
"DIXIE CHICKEN","Little Feat",1973,20
"LIGHTNING CRASHES","Live",1994,4
"CULT OF PERSONALITY","Living Colour",1988,12
"BOUND FOR THE FLOOR","Local H",1996,2
"CONQUISTADOR","London Symphony Orchestra",1967,2
"SWEET JANE (LIVE)","Lou Reed",1970,1
"WALK ON THE WILD SIDE","Lou Reed",1972,31
"THE KID IS HOT TONITE","Loverboy",1980,2
"TURN ME LOOSE","Loverboy",1980,16
"WORKING FOR THE WEEKEND","Loverboy",1981,27
"CALL ME THE BREEZE","Lynyrd Skynyrd",1974,25
"DIXIE/SWEET HOME ALABAMA","Lynyrd Skynyrd",1974,33
"DON'T ASK ME NO QUESTIONS","Lynyrd Skynyrd",1974,14
"FREE BIRD","Lynyrd Skynyrd",1973,75
"GIMME BACK MY BULLETS","Lynyrd Skynyrd",1976,4
"GIMME THREE STEPS","Lynyrd Skynyrd",1973,47
"I KNOW A LITTLE","Lynyrd Skynyrd",1977,4
"SATURDAY NIGHT SPECIAL","Lynyrd Skynyrd",1975,21
"SIMPLE MAN","Lynyrd Skynyrd",1973,47
"SWEET HOME ALABAMA","Lynyrd Skynyrd",1974,95
"THAT SMELL","Lynyrd Skynyrd",1977,24
"THE BALLAD OF CURTIS LOEW","Lynyrd Skynyrd",1974,8
"TUESDAY'S GONE","Lynyrd Skynyrd",1973,31
"WHAT'S YOUR NAME","Lynyrd Skynyrd",1977,64
"BLINDED BY THE LIGHT","Manfred Mann",1976,114
"DO WAH DIDDY DIDDY","Manfred Mann",1964,2
"PARADISE BY THE DASHBOARD LIGHT","Meat Loaf",1977,10
"TWO OUT OF THREE AIN'T BAD","Meat Loaf",1977,1
"YOU TOOK THE WORDS RIGHT OUT OF MY MOUTH","Meat Loaf",1977,9
"I'M THE ONLY ONE","Melissa Etheridge",1993,1
"DOWN UNDER","Men At Work",1982,5
"WHO CAN IT BE NOW?","Men At Work",1982,6
"BREADFAN","Metallica",1998,2
"ENTER SANDMAN","Metallica",1991,34
"FADE TO BLACK","Metallica",1984,4
"FOR WHOM THE BELL TOLLS","Metallica",1984,1
"FUEL","Metallica",1997,2
"HARVESTER OF SORROW","Metallica",1988,1
"HERO OF THE DAY","Metallica",1996,1
"MASTER OF PUPPETS","Metallica",1986,2
"NO LEAF CLOVER","Metallica",1999,1
"NOTHING ELSE MATTERS","Metallica",1991,10
"ONE","Metallica",1988,1
"SAD BUT TRUE","Metallica",1991,4
"SEEK & DESTROY","Metallica",1983,1
"THE MEMORY REMAINS","Metallica",1997,3
"THE UNFORGIVEN","Metallica",1991,19
"UNTIL IT SLEEPS","Metallica",1996,2
"WHEREVER I MAY ROAM","Metallica",1991,3
"BEDS ARE BURNING","Midnight Oil",1988,6
"DEVIL WITH THE BLUE DRESS ON","Mitch Ryder",1966,1
"I MELT WITH YOU","Modern English",1982,15
"BAD MOTOR SCOOTER","Montrose",1973,30
"ROCK CANDY","Montrose",1973,19
"SPACE STATION #5","Montrose",1973,1
"DON'T GO AWAY MAD (JUST GO AWAY)","Motley Crue",1989,4
"DR. FEELGOOD","Motley Crue",1989,17
"GIRLS, GIRLS, GIRLS","Motley Crue",1987,25
"HOME SWEET HOME","Motley Crue",1985,29
"KICKSTART MY HEART","Motley Crue",1989,25
"SAME OL' SITUATION","Motley Crue",1989,4
"SHOUT AT THE DEVIL","Motley Crue",1983,4
"WILD SIDE","Motley Crue",1987,11
"ALL THE YOUNG DUDES","Mott the Hoople",1972,12
"MISSISSIPPI QUEEN","Mountain",1970,25
"IN THE SUMMERTIME","Mungo Jerry",1970,2
"HAIR OF THE DOG","Nazareth",1975,53
"LOVE HURTS","Nazareth",1976,26
"CINNAMON GIRL","Neil Young",1969,29
"DOWN BY THE RIVER","Neil Young",1969,2
"HEART OF GOLD","Neil Young",1972,17
"HEY HEY, MY MY","Neil Young",1978,14
"LIKE A HURRICANE","Neil Young",1977,2
"MY MY, HEY HEY","Neil Young",1979,3
"OLD MAN","Neil Young",1972,13
"POWDERFINGER","Neil Young",1978,2
"ROCKIN' IN THE FREE WORLD","Neil Young",1989,38
"SOUTHERN MAN","Neil Young",1970,16
"SUGAR MOUNTAIN","Neil Young",1969,2
"THE NEEDLE AND THE DAMAGE DONE","Neil Young",1972,4
"HOW YOU REMIND ME","Nickelback",2001,4
"PHOTOGRAPH","Nickelback",2005,1
"ROCKSTAR","Nickelback",2005,10
"(YOU CAN STILL) ROCK IN AMERICA","Night Ranger",1983,3
"DON'T TELL ME YOU LOVE ME","Night Ranger",1982,2
"SISTER CHRISTIAN","Night Ranger",1983,32
"WHEN YOU CLOSE YOUR EYES","Night Ranger",1983,1
"ABOUT A GIRL","Nirvana",1989,2
"ALL APOLOGIES","Nirvana",1993,15
"COME AS YOU ARE","Nirvana",1991,39
"DUMB","Nirvana",1993,1
"IN BLOOM","Nirvana",1991,11
"LITHIUM","Nirvana",1991,10
"ON A PLAIN","Nirvana",1991,2
"POLLY","Nirvana",1991,2
"SMELLS LIKE TEEN SPIRIT","Nirvana",1991,24
"SPIRIT IN THE SKY","Norman Greenbaum",1969,31
"WONDERWALL","Oasis",1995,3
"STILL THE ONE","Orleans",1976,1
"(SITTIN' ON) THE DOCK OF THE BAY","Otis Redding",1968,5
"IF YOU WANNA GET TO HEAVEN","Ozark Mountain Daredevils",1973,2
"JACKIE BLUE","Ozark Mountain Daredevils",1975,2
"BARK AT THE MOON","Ozzy Osbourne",1983,6
"CRAZY TRAIN","Ozzy Osbourne",1980,79
"DIARY OF A MADMAN","Ozzy Osbourne",1981,1
"FLYING HIGH AGAIN","Ozzy Osbourne",1981,44
"GOODBYE TO ROMANCE","Ozzy Osbourne",1980,2
"I DON'T KNOW","Ozzy Osbourne",1980,8
"MAMA, I'M COMING HOME","Ozzy Osbourne",1991,31
"MR. CROWLEY","Ozzy Osbourne",1980,5
"MR. TINKERTRAIN","Ozzy Osbourne",1992,1
"NO MORE TEARS","Ozzy Osbourne",1991,8
"OVER THE MOUNTAIN","Ozzy Osbourne",1981,16
"PERRY MASON","Ozzy Osbourne",1995,2
"ROAD TO NOWHERE","Ozzy Osbourne",1991,1
"SHOT IN THE DARK","Ozzy Osbourne",1986,10
"HEARTBREAKER","Pat Benatar",1979,80
"HELL IS FOR CHILDREN","Pat Benatar",1980,1
"HIT ME WITH YOUR BEST SHOT","Pat Benatar",1980,62
"INVINCIBLE","Pat Benatar",1985,1
"LOVE IS A BATTLEFIELD","Pat Benatar",1983,28
"SHADOWS OF THE NIGHT","Pat Benatar",1982,8
"WE BELONG","Pat Benatar",1984,14
"YOU BETTER RUN","Pat Benatar",1980,1
"THE BACK SEAT OF MY CAR","Paul McCartney & Linda McCartney",1971,1
"TOO MANY PEOPLE","Paul McCartney & Linda McCartney",1971,1
"UNCLE ALBERT/ADMIRAL HALSEY","Paul McCartney & Linda McCartney",1971,2
"BAND ON THE RUN","Paul McCartney & Wings",1973,50
"COMING UP","Paul McCartney & Wings",1980,3
"HELEN WHEELS","Paul McCartney & Wings",1973,4
"JET","Paul McCartney & Wings",1973,12
"JUNIOR'S FARM","Paul McCartney & Wings",1974,3
"LET ME ROLL IT","Paul McCartney & Wings",1973,1
"LIVE AND LET DIE","Paul McCartney & Wings",1973,85
"MAYBE I'M AMAZED","Paul McCartney & Wings",1970,53
"MY LOVE","Paul McCartney & Wings",1973,1
"SILLY LOVE SONGS","Paul McCartney & Wings",1976,3
"UNCLE ALBERT/ADMIRAL HALSEY","Paul McCartney & Wings",1971,4
"VENUS AND MARS/ROCK SHOW","Paul McCartney & Wings",1975,2
"50 WAYS TO LEAVE YOUR LOVER","Paul Simon",1975,1
"KODACHROME","Paul Simon",1973,2
"LOVES ME LIKE A ROCK","Paul Simon",1973,1
"ME AND JULIO DOWN BY THE SCHOOLYARD","Paul Simon",1972,6
"YOU CAN CALL ME AL","Paul Simon",1986,1
"ALIVE","Pearl Jam",1991,16
"BETTER MAN","Pearl Jam",1994,17
"BLACK","Pearl Jam",1991,11
"DAUGHTER","Pearl Jam",1993,10
"DISSIDENT","Pearl Jam",1994,2
"ELDERLY WOMAN BEHIND THE COUNTER IN A SMALL TOWN","Pearl Jam",1993,2
"EVEN FLOW","Pearl Jam",1991,16
"JEREMY","Pearl Jam",1991,16
"LAST KISS","Pearl Jam",1999,3
"LIGHTNING BOLT","Pearl Jam",2013,4
"NOT FOR YOU","Pearl Jam",1994,1
"SIRENS","Pearl Jam",2013,3
"YELLOW LEDBETTER","Pearl Jam",1992,2
"LET MY LOVE OPEN THE DOOR","Pete Townshend",1980,38
"ROUGH BOYS","Pete Townshend",1980,2
"BABY, I LOVE YOUR WAY","Peter Frampton",1975,41
"DO YOU FEEL LIKE WE DO","Peter Frampton",1973,37
"SHOW ME THE WAY","Peter Frampton",1975,30
"BIG TIME","Peter Gabriel",1986,24
"GAMES WITHOUT FRONTIERS","Peter Gabriel",1980,3
"IN YOUR EYES","Peter Gabriel",1986,28
"RED RAIN","Peter Gabriel",1986,8
"SHOCK THE MONKEY","Peter Gabriel",1982,2
"SLEDGEHAMMER","Peter Gabriel",1986,36
"SOLSBURY HILL","Peter Gabriel",1977,31
"IN THE AIR TONIGHT","Phil Collins",1981,93
"ANOTHER BRICK IN THE WALL","Pink Floyd",1979,29
"ANOTHER BRICK IN THE WALL, PT. 2","Pink Floyd",1979,58
"ANY COLOUR YOU LIKE","Pink Floyd",1973,2
"ARNOLD LAYNE","Pink Floyd",1967,1
"ASTRONOMY DOMINE","Pink Floyd",1967,3
"BRAIN DAMAGE","Pink Floyd",1973,21
"BRAIN DAMAGE /ECLIPSE","Pink Floyd",1973,41
"BREATHE","Pink Floyd",1973,9
"CAREFUL WITH THAT AXE, EUGENE","Pink Floyd",1969,23
"COMFORTABLY NUMB","Pink Floyd",1979,92
"DOGS","Pink Floyd",1977,1
"EMPTY SPACES","Pink Floyd",1979,8
"EMPTY SPACES/YOUNG LUST","Pink Floyd",1979,12
"FEARLESS","Pink Floyd",1971,17
"GOODBYE BLUE SKY","Pink Floyd",1979,11
"HAVE A CIGAR","Pink Floyd",1975,41
"HEY YOU","Pink Floyd",1979,65
"KEEP TALKING","Pink Floyd",1994,4
"LEARNING TO FLY","Pink Floyd",1987,44
"MONEY","Pink Floyd",1973,84
"MOTHER","Pink Floyd",1979,19
"ON THE TURNING AWAY","Pink Floyd",1987,15
"ONE OF THESE DAYS","Pink Floyd",1971,12
"ONE SLIP","Pink Floyd",1987,1
"RUN LIKE HELL","Pink Floyd",1979,59
"SEE EMILY PLAY","Pink Floyd",1967,1
"SET THE CONTROLS FOR THE HEART OF THE SUN","Pink Floyd",1968,1
"SHINE ON YOU CRAZY DIAMOND","Pink Floyd",1975,2
"SPEAK TO ME/BREATHE","Pink Floyd",1973,30
"TAKE IT BACK","Pink Floyd",1994,1
"THE DOGS OF WAR","Pink Floyd",1987,2
"THE GREAT GIG IN THE SKY","Pink Floyd",1973,4
"THE HAPPIEST DAYS OF OUR LIVES/ANOTHER BRICK IN THE WALL","Pink Floyd",1979,44
"TIME","Pink Floyd",1973,74
"TIME/GIG IN THE SKY","Pink Floyd",1973,1
"US AND THEM","Pink Floyd",1973,25
"WELCOME TO THE MACHINE","Pink Floyd",1975,41
"WISH YOU WERE HERE","Pink Floyd",1975,87
"YOUNG LUST","Pink Floyd",1979,59
"EVERY ROSE HAS ITS THORN","Poison",1988,22
"NOTHIN' BUT A GOOD TIME","Poison",1988,21
"SOMETHING TO BELIEVE IN","Poison",1990,1
"TALK DIRTY TO ME","Poison",1987,1
"A SALTY DOG","Procol Harum",1969,1
"A WHITER SHADE OF PALE","Procol Harum",1967,3
"BLURRY","Puddle of Mudd",2001,1
"ANOTHER ONE BITES THE DUST","Queen",1980,102
"BICYCLE RACE","Queen",1978,8
"BOHEMIAN RHAPSODY","Queen",1975,119
"CRAZY LITTLE THING CALLED LOVE","Queen",1979,57
"DON'T STOP ME NOW","Queen",1977,2
"FAT BOTTOMED GIRLS","Queen",1978,75
"KEEP YOURSELF ALIVE","Queen",1973,4
"KILLER QUEEN","Queen",1974,69
"ONE VISION","Queen",1985,1
"SOMEBODY TO LOVE","Queen",1976,69
"THESE ARE THE DAYS OF OUR LIVES","Queen",1991,1
"TIE YOUR MOTHER DOWN","Queen",1976,4
"UNDER PRESSURE","Queen",1981,88
"WE ARE THE CHAMPIONS","Queen",1977,104
"WE WILL ROCK YOU","Queen",1977,103
"YOU'RE MY BEST FRIEND","Queen",1976,57
"UNDER PRESSURE","Queen / David Bowie",1981,73
"NO ONE KNOWS","Queens of the Stone Age",2002,1
"ANOTHER RAINY NIGHT","Queensryche",1990,2
"JET CITY WOMAN","Queensryche",1990,6
"SILENT LUCIDITY","Queensryche",1990,10
"METAL HEALTH","Quiet Riot",1983,4
"IT'S THE END OF THE WORLD AS WE KNOW IT (AND I FEEL FINE)","R.E.M.",1987,30
"LOSING MY RELIGION","R.E.M.",1991,27
"MAN ON THE MOON","R.E.M.",1992,23
"ORANGE CRUSH","R.E.M.",1988,10
"STAND","R.E.M.",1988,18
"THE ONE I LOVE","R.E.M.",1987,35
"MAN ON THE SILVER MOUNTAIN","Rainbow",1975,5
"SINCE YOU BEEN GONE","Rainbow",1979,14
"STONE COLD","Rainbow",1982,3
"BLACK BETTY","Ram Jam",1977,57
"ROUND AND ROUND","Ratt",1984,48
"BREAKING THE GIRL","Red Hot Chili Peppers",1992,1
"BY THE WAY","Red Hot Chili Peppers",2002,1
"CALIFORNICATION","Red Hot Chili Peppers",1999,4
"DANI CALIFORNIA","Red Hot Chili Peppers",2006,3
"GIVE IT AWAY","Red Hot Chili Peppers",1991,7
"SCAR TISSUE","Red Hot Chili Peppers",1999,8
"SOUL TO SQUEEZE","Red Hot Chili Peppers",1993,8
"UNDER THE BRIDGE","Red Hot Chili Peppers",1991,28
"LUNATIC FRINGE","Red Rider",1981,52
"I CAN'T FIGHT THIS FEELING","REO Speedwagon",1984,2
"KEEP ON LOVING YOU","REO Speedwagon",1980,23
"TAKE IT ON THE RUN","REO Speedwagon",1981,46
"ROCK AND ROLL, HOOCHIE KOO","Rick Derringer",1974,55
"JESSIE'S GIRL","Rick Springfield",1981,2
"BACK OFF BOOGALOO","Ringo Starr",1972,2
"EARLY 1970 [*]","Ringo Starr",1971,1
"IT DON'T COME EASY","Ringo Starr",1971,5
"NO NO SONG","Ringo Starr",1974,3
"PHOTOGRAPH","Ringo Starr",1973,4
"YOUR'RE SIXTEEN","Ringo Starr",1974,2
"ADDICTED TO LOVE","Robert Palmer",1985,11
"BAD CASE OF LOVIN' YOU","Robert Palmer",1979,42
"SIMPLY IRRESISTIBLE","Robert Palmer",1988,1
"BIG LOG","Robert Plant",1983,11
"IN THE MOOD","Robert Plant",1983,26
"BRIDGE OF SIGHS","Robin Trower",1974,3
"EVERY PICTURE TELLS A STORY","Rod Stewart",1971,15
"MAGGIE MAY","Rod Stewart",1971,49
"REASON TO BELIEVE","Rod Stewart",1971,5
"THE FIRST CUT IS THE DEEPEST","Rod Stewart",1976,24
"TONIGHT'S THE NIGHT (GONNA BE ALRIGHT)","Rod Stewart",1976,2
"YOU WEAR IT WELL","Rod Stewart",1972,7
"YOU'RE IN MY HEART (THE FINAL ACCLAIM)","Rod Stewart",1977,1
"THE LOGICAL SONG","Roger Hodgson",1979,1
"(I CAN'T GET NO) SATISFACTION","Rolling Stones",1965,60
"19TH NERVOUS BREAKDOWN","Rolling Stones",1966,1
"AIN'T TOO PROUD TO BEG","Rolling Stones",1974,14
"ALMOST HEAR YOU SIGH","Rolling Stones",1989,1
"ANGIE","Rolling Stones",1973,32
"BEAST OF BURDEN","Rolling Stones",1978,86
"BITCH","Rolling Stones",1971,5
"BROWN SUGAR","Rolling Stones",1971,37
"CAN'T YOU HEAR ME KNOCKING","Rolling Stones",1971,5
"DANCE LITTLE SISTER","Rolling Stones",1980,1
"DOO DOO DOO DOO DOO (HEARTBREAKER)","Rolling Stones",1973,21
"DOOM AND GLOOM","Rolling Stones",2012,1
"EMOTIONAL RESCUE","Rolling Stones",1980,1
"GET OFF MY CLOUD","Rolling Stones",1965,1
"GET OFF OF MY CLOUD","Rolling Stones",1965,17
"GIMME SHELTER","Rolling Stones",1969,96
"HAND OF FATE","Rolling Stones",1976,2
"HANG FIRE","Rolling Stones",1981,2
"HAPPY","Rolling Stones",1972,4
"HEARTBREAKER","Rolling Stones",1973,3
"HONKY TONK WOMEN","Rolling Stones",1969,87
"IT'S ALL OVER NOW","Rolling Stones",1964,1
"IT'S ONLY ROCK 'N ROLL","Rolling Stones",1974,57
"JUMPIN' JACK FLASH","Rolling Stones",1968,72
"LET IT BLEED","Rolling Stones",1969,1
"LET'S SPEND THE NIGHT TOGETHER","Rolling Stones",1967,6
"MIDNIGHT RAMBLER","Rolling Stones",1969,2
"MISS YOU","Rolling Stones",1978,89
"MONKEY MAN","Rolling Stones",1969,4
"MOTHER'S LITTLE HELPER","Rolling Stones",1966,6
"PAINT IT BLACK","Rolling Stones",1966,58
"SHATTERED","Rolling Stones",1978,36
"SHE'S A RAINBOW","Rolling Stones",1967,1
"START ME UP","Rolling Stones",1981,83
"STREET FIGHTING MAN","Rolling Stones",1968,8
"SYMPATHY FOR THE DEVIL","Rolling Stones",1968,81
"THE LAST TIME","Rolling Stones",1965,2
"THE SPIDER AND THE FLY","Rolling Stones",1965,1
"TIME WAITS FOR NO ONE","Rolling Stones",1975,1
"TUMBLING DICE","Rolling Stones",1972,11
"UNDER MY THUMB","Rolling Stones",1966,42
"UNDERCOVER OF THE NIGHT","Rolling Stones",1983,1
"WAITING ON A FRIEND","Rolling Stones",1981,3
"WILD HORSES","Rolling Stones",1971,5
"YOU CAN'T ALWAYS GET WHAT YOU WANT","Rolling Stones",1969,62
"YOU GOT THE SILVER","Rolling Stones",1969,1
"YOU GOTTA MOVE","Rolling Stones",1971,1
"2112: OVERTURE / THE TEMPLES OF SYRINX (CHRONICLES VERSION)","Rush",1976,2
"CLOSER TO THE HEART","Rush",1977,31
"ENTRE NOUS","Rush",1980,2
"FLY BY NIGHT","Rush",1975,32
"FREEWILL","Rush",1980,60
"IN THE MOOD","Rush",1974,3
"LIMELIGHT","Rush",1981,90
"NEW WORLD MAN","Rush",1982,7
"RED BARCHETTA","Rush",1981,11
"SHOW DON'T TELL","Rush",1989,2
"SUBDIVISIONS","Rush",1982,26
"TEST FOR ECHO","Rush",1996,23
"THE SPIRIT OF RADIO","Rush",1980,77
"THE TREES","Rush",1978,1
"TIME STAND STILL (LIVE)","Rush",1987,1
"TOM SAWYER","Rush",1981,114
"WORKING MAN","Rush",1975,24
"YYZ","Rush",1981,2
"VOICES","Russ Ballard",1975,2
"SOUL MAN","Sam & Dave",1967,3
"HEAVY METAL","Sammy Hagar",1982,10
"I CAN'T DRIVE 55","Sammy Hagar",1984,40
"RED","Sammy Hagar",1978,3
"THERE'S ONLY ONE WAY TO ROCK","Sammy Hagar",1981,15
"TRANS AM (HIGHWAY WONDERLAND)","Sammy Hagar",1979,2
"BLACK MAGIC WOMAN","Santana",1970,61
"EUROPA","Santana",1977,4
"EVIL WAYS","Santana",1969,37
"JINGO","Santana",1969,1
"NO ONE TO DEPEND ON","Santana",1971,7
"OYE COMO VA","Santana",1970,37
"PUT YOUR LIGHTS ON (FEAT. EVERLAST)","Santana",1999,2
"SMOOTH","Santana",1999,2
"SOUL SACRIFICE","Santana",1969,2
"THE WARRIOR","Scandal",1984,5
"BIG CITY NIGHTS","Scorpions",1984,10
"BLACKOUT","Scorpions",1982,4
"NO ONE LIKE YOU","Scorpions",1982,76
"ROCK YOU LIKE A HURRICANE","Scorpions",1984,69
"STILL LOVING YOU","Scorpions",1984,9
"THE ZOO","Scorpions",1980,16
"WIND OF CHANGE","Scorpions",1990,10
"REMEDY","Seether",2005,1
"GOD SAVE THE QUEEN","Sex Pistols",1977,26
"45","Shinedown",2003,2
"AMERICA","Simon & Garfunkel",1968,1
"CECILIA","Simon & Garfunkel",1970,6
"MRS. ROBINSON","Simon & Garfunkel",1968,13
"THE SOUNDS OF SILENCE","Simon & Garfunkel",1966,4
"DON'T YOU","Simple Minds",1985,44
"18 AND LIFE","Skid Row",1989,17
"I REMEMBER YOU","Skid Row",1989,30
"YOUTH GONE WILD","Skid Row",1989,22
"FLY TO THE ANGELS","Slaughter",1990,1
"ALL STAR","Smash Mouth",1999,2
"1979","Smashing Pumpkins",1995,3
"BULLET WITH BUTTERFLY WINGS","Smashing Pumpkins",1995,1
"TODAY","Smashing Pumpkins",1993,2
"DRIVER'S SEAT","Sniff 'n' the Tears",1978,7
"TAINTED LOVE","Soft Cell",1981,1
"BLACK HOLE SUN","Soundgarden",1994,16
"BURDEN IN MY HAND","Soundgarden",1996,1
"FELL ON BLACK DAYS","Soundgarden",1994,4
"SPOONMAN","Soundgarden",1994,6
"GIMME SOME LOVIN'","Spencer Davis Group",1966,4
"TWO PRINCES","Spin Doctors",1991,1
"BLACK COFFEE IN BED","Squeeze",1982,1
"PULLING MUSSELS","Squeeze",1980,2
"TEMPTED","Squeeze",1981,22
"IT'S BEEN AWHILE","Staind",2001,4
"STUCK IN THE MIDDLE WITH YOU","Stealers Wheel",1972,37
"BLACK COW","Steely Dan",1977,2
"DEACON BLUES","Steely Dan",1977,1
"DIRTY WORK","Steely Dan",1977,1
"DO IT AGAIN","Steely Dan",1972,46
"FM {NO STATIC AT ALL}","Steely Dan",1978,1
"HEY NINETEEN","Steely Dan",1980,8
"PEG","Steely Dan",1977,3
"REELIN' IN THE YEARS","Steely Dan",1972,40
"RIKKI DON'T LOSE THAT NUMBER","Steely Dan",1974,5
"LOVE THE ONE YOU'RE WITH","Stephen Stills",1971,14
"BORN TO BE WILD","Steppenwolf",1968,53
"MAGIC CARPET RIDE","Steppenwolf",1968,65
"COPPERHEAD ROAD","Steve Earle",1988,3
"ABRACADABRA","Steve Miller Band",1982,18
"FLY LIKE AN EAGLE","Steve Miller Band",1976,85
"JET AIRLINER","Steve Miller Band",1977,42
"JUNGLE LOVE","Steve Miller Band",1977,43
"ROCK 'N ME","Steve Miller Band",1976,102
"TAKE THE MONEY AND RUN","Steve Miller Band",1976,71
"THE JOKER","Steve Miller Band",1973,114
"OH SHERRIE","Steve Perry",1984,12
"BACK IN THE HIGH LIFE AGAIN","Steve Winwood",1986,1
"HIGHER LOVE","Steve Winwood",1986,6
"ROLL WITH IT","Steve Winwood",1988,1
"WHILE YOU SEE A CHANCE","Steve Winwood",1980,4
"LOVE THE ONE YOU'RE WITH","Steven Stills",1971,1
"EDGE OF SEVENTEEN","Stevie Nicks",1981,78
"LEATHER AND LACE","Stevie Nicks",1981,3
"STAND BACK","Stevie Nicks",1983,40
"STOP DRAGGIN' MY HEART AROUND","Stevie Nicks",1981,7
"STOP DRAGGIN' MY HEART AROUND","Stevie Nicks w/ Tom Petty and the Heartbreakers",1981,9
"CROSSFIRE","Stevie Ray Vaughan",1989,17
"PRIDE AND JOY","Stevie Ray Vaughan",1983,48
"SCUTTLE BUTTIN'","Stevie Ray Vaughan",1984,3
"TEXAS FLOOD","Stevie Ray Vaughan",1983,4
"THE HOUSE IS ROCKIN'","Stevie Ray Vaughan",1989,17
"SUPERSTITION","Stevie Wonder",1973,12
"FORTRESS AROUND YOUR HEART","Sting",1985,1
"BIG EMPTY","Stone Temple Pilots",1994,7
"CREEP","Stone Temple Pilots",1993,7
"INTERSTATE LOVE SONG","Stone Temple Pilots",1994,23
"PLUSH","Stone Temple Pilots",1992,33
"VASOLINE","Stone Temple Pilots",1994,3
"TO HELL WITH THE DEVIL","Stryper",1986,1
"BLUE COLLAR MAN","Styx",1978,61
"COME SAIL AWAY","Styx",1977,93
"FOOLING YOURSELF","Styx",1977,24
"LADY","Styx",1973,19
"LIGHT UP","Styx",1975,3
"LORELEI","Styx",1975,4
"RENEGADE","Styx",1978,116
"SUITE MADAME BLUE","Styx",1975,2
"THE GRAND ILLUSION","Styx",1977,14
"TOO MUCH TIME ON MY HANDS","Styx",1981,46
"WHAT I GOT","Sublime",1996,4
"WRONG WAY","Sublime",1996,2
"GREEN EYED LADY","Sugarloaf",1970,5
"BLOODY WELL RIGHT","Supertramp",1974,3
"BREAKFAST IN AMERICA","Supertramp",1979,56
"DREAMER","Supertramp",1974,2
"GIVE A LITTLE BIT","Supertramp",1977,73
"GOODBYE STRANGER","Supertramp",1979,60
"TAKE THE LONG WAY HOME","Supertramp",1979,46
"THE LOGICAL SONG","Supertramp",1979,76
"EYE OF THE TIGER","Survivor",1982,8
"BALLROOM BLITZ","Sweet",1973,25
"LOVE IS LIKE OXYGEN","Sweet",1978,1
"BANG A GONG (GET IT ON)","T. Rex",1971,82
"JEEPSTER","T. Rex",1971,1
"AND SHE WAS","Talking Heads",1985,19
"BURNING DOWN THE HOUSE","Talking Heads",1983,72
"LIFE DURING WARTIME","Talking Heads",1979,23
"ONCE IN A LIFETIME","Talking Heads",1980,46
"PSYCHO KILLER","Talking Heads",1977,8
"WILD WILD LIFE","Talking Heads",1986,7
"EVERYBODY WANTS TO RULE THE WORLD","Tears for Fears",1985,6
"HEAD OVER HEELS","Tears for Fears",1985,1
"SHOUT","Tears for Fears",1984,1
"CAT SCRATCH FEVER","Ted Nugent",1977,20
"FREE FOR ALL","Ted Nugent",1977,10
"STRANGLEHOLD","Ted Nugent",1975,33
"HUNGER STRIKE","Temple of the Dog",1990,4
"I'D LOVE TO CHANGE THE WORLD","Ten Years After",1971,18
"LOVE SONG","Tesla",1989,4
"BREAKDOWN","The Alan Parsons Project",1977,5
"EYE IN THE SKY","The Alan Parsons Project",1982,2
"GAMES PEOPLE PLAY","The Alan Parsons Project",1981,3
"JOURNEY TO THE CENTER OF THE MIND","The Amboy Dukes",1968,1
"DON'T BRING ME DOWN","The Animals",1966,1
"HOUSE OF THE RISING SUN","The Animals",1964,18
"MONTEREY","The Animals",1968,3
"SAN FRANCISCAN NIGHTS","The Animals",1967,1
"LOVE SHACK","The B-52's",1989,5
"ISN'T IT TIME","The Babys",1977,1
"CHEST FEVER","The Band",1968,1
"THE NIGHT THEY DROVE OLD DIXIE DOWN","The Band",1969,3
"THE WEIGHT","The Band",1968,24
"UP ON CRIPPLE CREEK","The Band",1969,1
"GOOD VIBRATIONS","The Beach Boys",1966,1
"A DAY IN THE LIFE","The Beatles",1967,31
"A HARD DAY'S NIGHT","The Beatles",1964,5
"ACROSS THE UNIVERSE","The Beatles",1970,1
"ALL MY LOVING","The Beatles",1963,4
"ALL YOU NEED IS LOVE","The Beatles",1967,3
"AND YOUR BIRD CAN SING","The Beatles",1966,1
"ANYTIME AT ALL","The Beatles",1964,1
"BABY YOU'RE A RICH MAN","The Beatles",1967,1
"BACK IN THE U.S.S.R.","The Beatles",1968,28
"BAD BOY","The Beatles",1965,1
"BIRTHDAY","The Beatles",1969,12
"BLACKBIRD","The Beatles",1968,3
"CAN'T BUY ME LOVE","The Beatles",1964,5
"COME TOGETHER","The Beatles",1969,69
"CRY FOR A SHADOW","The Beatles",1961,1
"DAY TRIPPER","The Beatles",1965,2
"DEAR PRUDENCE","The Beatles",1968,1
"DON'T LET ME DOWN","The Beatles",1969,1
"DRIVE MY CAR","The Beatles",1965,4
"EIGHT DAYS A WEEK","The Beatles",1964,6
"ELEANOR RIGBY","The Beatles",1966,20
"EVERYBODY'S GOT SOMETHING TO HIDE EXCEPT ME AND MY MONK","The Beatles",1968,1
"FIXING A HOLE","The Beatles",1967,2
"FROM ME TO YOU","The Beatles",1963,1
"GET BACK","The Beatles",1969,52
"GETTING BETTER","The Beatles",1967,1
"GIRL","The Beatles",1965,1
"GOLDEN SLUMBERS","The Beatles",1969,5
"GOOD DAY SUNSHINE","The Beatles",1966,1
"GOT TO GET YOU INTO MY LIFE","The Beatles",1966,5
"HELLO GOODBYE","The Beatles",1967,26
"HELP!","The Beatles",1965,4
"HELTER SKELTER","The Beatles",1968,5
"HERE COMES THE SUN","The Beatles",1969,24
"HEY JUDE","The Beatles",1968,22
"I AM THE WALRUS","The Beatles",1967,5
"I FEEL FINE","The Beatles",1964,5
"I SAW HER STANDING THERE","The Beatles",1963,3
"I WANT TO HOLD YOUR HAND","The Beatles",1963,2
"I WANT YOU (SHE'S SO HEAVY)","The Beatles",1969,2
"I'LL FOLLOW THE SUN","The Beatles",1964,1
"I'M A LOSER","The Beatles",1964,2
"I'M DOWN","The Beatles",1965,1
"I'VE GOT A FEELING","The Beatles",1970,3
"I'VE JUST SEEN A FACE","The Beatles",1965,3
"IN MY LIFE","The Beatles",1965,5
"IT WON'T BE LONG","The Beatles",1963,1
"LADY MADONNA","The Beatles",1968,7
"LET IT BE","The Beatles",1970,31
"LITTLE CHILD","The Beatles",1963,1
"LOVE ME DO","The Beatles",1962,1
"LOVELY RITA","The Beatles",1967,2
"LUCY IN THE SKY WITH DIAMONDS","The Beatles",1967,20
"MAGICAL MYSTERY TOUR","The Beatles",1967,6
"MAXWELL'S SILVER HAMMER","The Beatles",1969,2
"NORWEGIAN WOOD","The Beatles",1965,1
"NOWHERE MAN","The Beatles",1965,1
"OB-LA-DI, OB-LA-DA","The Beatles",1968,13
"OH DARLING","The Beatles",1969,6
"P.S. I LOVE YOU","The Beatles",1962,1
"PAPERBACK WRITER","The Beatles",1966,5
"PENNY LANE","The Beatles",1967,3
"PLEASE PLEASE ME","The Beatles",1963,2
"REPRISE / DAY IN THE LIFE","The Beatles",1967,12
"REVOLUTION","The Beatles",1968,55
"ROCKY RACCOON","The Beatles",1968,3
"SGT. PEPPER INNER GROOVE","The Beatles",1967,2
"SGT. PEPPER'S LONELY HEARTS CLUB BAND","The Beatles",1967,1
"SGT. PEPPER'S LONELY HEARTS CLUB BAND (REPRISE)","The Beatles",1967,3
"SGT. PEPPER/A DAY IN THE LIFE","The Beatles",1967,3
"SGT. PEPPER/WITH A LITTLE HELP FROM MY FRIENDS","The Beatles",1967,11
"SHE LOVES YOU","The Beatles",1963,3
"SHE'S A WOMAN","The Beatles",1964,1
"SHE'S LEAVING HOME","The Beatles",1967,1
"SOMETHING","The Beatles",1969,11
"STRAWBERRY FIELDS FOREVER","The Beatles",1967,7
"SUN KING","The Beatles",1969,1
"THE BALLAD OF JOHN AND YOKO","The Beatles",1969,8
"THE CONTINUING STORY OF BUNG","The Beatles",1968,1
"THE FOOL ON THE HILL","The Beatles",1967,2
"THE LONG AND WINDING ROAD","The Beatles",1970,2
"THE WORD","The Beatles",1965,1
"THINGS WE SAID TODAY","The Beatles",1964,2
"TICKET TO RIDE","The Beatles",1965,4
"TWIST AND SHOUT","The Beatles",1963,5
"TWO OF US","The Beatles",1970,2
"WE CAN WORK IT OUT","The Beatles",1965,18
"WHEN I'M 64","The Beatles",1967,1
"WHILE MY GUITAR GENTLY WEEPS","The Beatles",1968,29
"WILD HONEY PIE","The Beatles",1968,1
"WITH A LITTLE HELP FROM MY FRIENDS","The Beatles",1967,7
"YELLOW SUBMARINE","The Beatles",1966,4
"YESTERDAY","The Beatles",1965,10
"YOU NEVER GIVE ME YOUR MONEY","The Beatles",1969,2
"YOU'RE GOING TO LOSE THAT GIRL","The Beatles",1965,1
"YOUR MOTHER SHOULD KNOW","The Beatles",1967,1
"GOODBYE DAUGHTERS OF THE REVOLUTION","The Black Crowes",2008,1
"HARD TO HANDLE","The Black Crowes",1990,83
"REMEDY","The Black Crowes",1992,7
"SHE TALKS TO ANGELS","The Black Crowes",1990,44
"TWICE AS HARD","The Black Crowes",1990,10
"GOLD ON THE CEILING","The Black Keys",2011,3
"LONELY BOY","The Black Keys",2011,6
"EIGHT MILES HIGH","The Byrds",1966,2
"BYE BYE LOVE","The Cars",1978,48
"DRIVE","The Cars",1984,3
"HELLO AGAIN","The Cars",1984,6
"JUST WHAT I NEEDED","The Cars",1978,113
"LET'S GO","The Cars",1979,73
"MAGIC","The Cars",1984,11
"MOVING IN STEREO","The Cars",1978,53
"SHAKE IT UP","The Cars",1981,27
"YOU MIGHT THINK","The Cars",1984,19
"CLAMPDOWN","The Clash",1979,2
"LONDON CALLING","The Clash",1979,8
"ROCK THE CASBAH","The Clash",1982,61
"SHOULD I STAY OR SHOULD","The Clash",1982,58
"TRAIN IN VAIN","The Clash",1979,12
"FIRE WOMAN","The Cult",1989,3
"ANOTHER PARK, ANOTHER SUNDAY","The Doobie Brothers",1974,1
"BLACK WATER","The Doobie Brothers",1974,57
"CHINA GROVE","The Doobie Brothers",1973,40
"JESUS IS JUST ALRIGHT","The Doobie Brothers",1972,10
"LISTEN TO THE MUSIC","The Doobie Brothers",1972,48
"LONG TRAIN RUNNIN'","The Doobie Brothers",1973,55
"ROCKIN' DOWN THE HIGHWAY","The Doobie Brothers",1972,13
"TAKE ME IN YOUR ARMS","The Doobie Brothers",1975,13
"TAKIN' IT TO THE STREETS","The Doobie Brothers",1976,1
"WHAT A FOOL BELIEVES","The Doobie Brothers",1978,5
"BACK DOOR MAN","The Doors",1967,4
"BREAK ON THROUGH","The Doors",1967,52
"FIVE TO ONE","The Doors",1968,5
"HELLO, I LOVE YOU","The Doors",1968,35
"L.A. WOMAN","The Doors",1971,31
"LIGHT MY FIRE","The Doors",1967,49
"LOVE HER MADLY","The Doors",1971,56
"LOVE ME TWO TIMES","The Doors",1967,51
"MOONLIGHT DRIVE","The Doors",1967,17
"PEACE FROG","The Doors",1970,9
"PEOPLE ARE STRANGE","The Doors",1967,53
"RIDERS ON THE STORM","The Doors",1971,43
"ROADHOUSE BLUES","The Doors",1967,49
"THE CHANGELING","The Doors",1971,1
"THE CRYSTAL SHIP","The Doors",1967,11
"TOUCH ME","The Doors",1969,45
"TWENTIETH CENTURY FOX","The Doors",1967,2
"WAITING FOR THE SUN","The Doors",1970,17
"WHEN THE MUSIC'S OVER","The Doors",1967,1
"RADIOACTIVE","The Firm",1985,3
"ONE THING LEADS TO ANOTHER","The Fixx",1983,22
"SAVED BY ZERO","The Fixx",1983,2
"IRIS","The Goo Goo Dolls",1998,2
"FUNK #49","The James Gang",1970,4
"ALL DAY AND ALL OF THE NIGHT","The Kinks",1964,7
"APEMAN","The Kinks",1971,2
"COME DANCING","The Kinks",1983,1
"DESTROYER","The Kinks",1981,3
"LOLA","The Kinks",1970,40
"SUNNY AFTERNOON","The Kinks",1966,1
"TIRED OF WAITING","The Kinks",1965,1
"WATERLOO SUNSET","The Kinks",1967,9
"YOU REALLY GOT ME","The Kinks",1964,20
"MY SHARONA","The Knack",1979,13
"SUMMER IN THE CITY","The Lovin' Spoonful",1966,2
"CALIFORNIA DREAMIN'","The Mamas ",1966,1
"CAN'T YOU SEE","The Marshall Tucker Band",1973,52
"HEARD IT IN A LOVE SONG","The Marshall Tucker Band",1977,1
"QUESTION","The Moody Blues",1970,2
"RIDE MY SEE SAW","The Moody Blues",1968,1
"THE STORY IN YOUR EYES","The Moody Blues",1971,1
"YOUR WILDEST DREAMS","The Moody Blues",1986,1
"LIFE IN THE FAST LANE","The New Eagles",1976,3
"COME OUT AND PLAY","The Offspring",1994,4
"SELF ESTEEM","The Offspring",1994,4
"THE KIDS AREN'T ALRIGHT","The Offspring",1998,1
"YOUR LOVE","The Outfield",1985,21
"GREEN GRASS & HIGH TIDES","The Outlaws",1975,1
"CAN'T STAND LOSING YOU","The Police",1978,6
"DE DO DO DO, DE DA DA DA","The Police",1980,19
"DON'T STAND SO CLOSE TO ME","The Police",1980,64
"DRIVEN TO TEARS","The Police",1980,4
"EVERY BREATH YOU TAKE","The Police",1983,32
"EVERY LITTLE THING SHE DOES IS MAGIC","The Police",1981,60
"INVISIBLE SUN","The Police",1981,2
"KING OF PAIN","The Police",1983,10
"MESSAGE IN A BOTTLE","The Police",1979,86
"ROXANNE","The Police",1978,75
"SO LONELY","The Police",1978,3
"SPIRITS IN THE MATERIAL WORLD","The Police",1981,19
"SYNCHRONICITY II","The Police",1983,35
"WALKING ON THE MOON","The Police",1979,13
"WRAPPED AROUND YOUR FINGER","The Police",1983,17
"SOME LIKE IT HOT","The Power Station",1985,1
"BACK ON THE CHAIN GANG","The Pretenders",1982,40
"BRASS IN POCKET","The Pretenders",1980,51
"DON'T GET ME WRONG","The Pretenders",1986,10
"MIDDLE OF THE ROAD","The Pretenders",1984,33
"MY CITY WAS GONE","The Pretenders",1984,18
"TALK OF THE TOWN","The Pretenders",1980,1
"BLITZKRIEG BOP","The Ramones",1976,17
"DO YOU REMEMBER ROCK 'N' ROLL RADIO","The Ramones",1980,16
"I WANNA BE SEDATED","The Ramones",1978,23
"TALKING IN YOUR SLEEP","The Romantics",1983,5
"WHAT I LIKE ABOUT YOU","The Romantics",1980,29
"ITCHYCOO PARK","The Small Faces",1967,1
"A GIRL LIKE YOU","The Smithereens",1989,1
"I'M A MAN","The Spencer Davis Group",1967,1
"DIRTY WATER","The Standells",1966,3
"END OF THE LINE","The Traveling Wilburys",1988,2
"HANDLE WITH CARE","The Traveling Wilburys",1988,5
"SHE'S A BEAUTY","The Tubes",1983,25
"TALK TO YA LATER","The Tubes",1981,2
"ONE HEADLIGHT","The Wallflowers",1996,2
"SEVEN NATION ARMY","The White Stripes",2003,1
"05:15","The Who",1973,3
"ATHENA","The Who",1982,5
"BABA O'REILLY","The Who",1971,85
"BARGAIN","The Who",1971,35
"BEHIND BLUE EYES","The Who",1971,75
"EMINENCE FRONT","The Who",1982,19
"GOING MOBILE","The Who",1971,12
"HAPPY JACK","The Who",1966,2
"I CAN SEE FOR MILES","The Who",1968,10
"I CAN'T EXPLAIN","The Who",1965,1
"I'M FREE","The Who",1969,1
"JOIN TOGETHER","The Who",1972,4
"LONG LIVE ROCK","The Who",1972,13
"LOVE REIGN O'ER ME","The Who",1973,18
"MAGIC BUS","The Who",1968,12
"MY GENERATION","The Who",1965,50
"PINBALL WIZARD","The Who",1969,54
"SQUEEZE BOX","The Who",1975,15
"SUBSTITUTE","The Who",1966,8
"THE KIDS ARE ALRIGHT","The Who",1965,2
"THE REAL ME","The Who",1973,12
"THE SEEKER","The Who",1970,1
"THE SONG IS OVER","The Who",1971,1
"WE'RE NOT GONNA TAKE IT","The Who",1969,3
"WHO ARE YOU","The Who",1978,94
"WON'T GET FOOLED AGAIN","The Who",1971,56
"YOU BETTER YOU BET","The Who",1981,26
"GET TOGETHER","The Youngbloods",2005,2
"JAILBREAK","Thin Lizzy",1976,16
"THE BOYS ARE BACK IN TOWN","Thin Lizzy",1976,106
"SEMI-CHARMED LIFE","Third Eye Blind",1997,1
"SOMETHING IN THE AIR","Thunderclap Newman",1969,1
"BANG THE DRUM ALL DAY","Todd Rundgren",1983,9
"HELLO IT'S ME","Todd Rundgren",1972,1
"I SAW THE LIGHT","Todd Rundgren",1972,2
"WE GOTTA GET YOU A WOMAN","Todd Rundgren",1970,1
"LIFE IS A HIGHWAY","Tom Cochrane",1992,10
"A WOMAN IN LOVE","Tom Petty & The Heartbreakers",1981,2
"AMERICAN GIRL","Tom Petty & The Heartbreakers",1977,74
"BREAKDOWN","Tom Petty & The Heartbreakers",1977,88
"DON'T COME AROUND HERE NO MORE","Tom Petty & The Heartbreakers",1985,49
"DON'T DO ME LIKE THAT","Tom Petty & The Heartbreakers",1979,69
"FREE FALLIN'","Tom Petty & The Heartbreakers",1989,90
"HERE COMES MY GIRL","Tom Petty & The Heartbreakers",1979,17
"I WON'T BACK DOWN","Tom Petty & The Heartbreakers",1989,76
"JAMMIN' ME","Tom Petty & The Heartbreakers",1987,2
"LEARNING TO FLY","Tom Petty & The Heartbreakers",1991,23
"MARY JANE'S LAST DANCE","Tom Petty & The Heartbreakers",1993,51
"REFUGEE","Tom Petty & The Heartbreakers",1979,97
"RUNNIN' DOWN A DREAM","Tom Petty & The Heartbreakers",1989,96
"STOP DRAGGIN' MY HEART AROUND","Tom Petty & The Heartbreakers",1981,2
"THE WAITING","Tom Petty & The Heartbreakers",1981,37
"YOU DON'T KNOW HOW IT FEELS","Tom Petty & The Heartbreakers",1994,31
"YOU GOT LUCKY","Tom Petty & The Heartbreakers",1982,71
"YOU WRECK ME","Tom Petty & The Heartbreakers",1994,41
"867-5309 / JENNY","Tommy Tutone",1982,11
"AFRICA","Toto",1982,2
"HOLD THE LINE","Toto",1978,72
"HOLD ON","Triumph",1979,1
"HAPPY TOGETHER","Turtles",1967,1
"I WANNA ROCK","Twisted Sister",1984,7
"WE'RE NOT GONNA TAKE IT","Twisted Sister",1984,39
"ANGEL OF HARLEM","U2",1988,1
"BAD","U2",1984,5
"BEAUTIFUL DAY","U2",2000,7
"BULLET THE BLUE SKY","U2",1987,5
"DESIRE","U2",1988,13
"EVEN BETTER THAN THE REAL THING","U2",1991,3
"I STILL HAVEN'T FOUND WHAT I'M LOOKING FOR","U2",1987,53
"I WILL FOLLOW","U2",1980,4
"MLK/PRIDE","U2",1984,5
"MYSTERIOUS WAYS","U2",1991,38
"NEW YEAR'S DAY","U2",1983,88
"ONE","U2",1991,18
"PRIDE (IN THE NAME OF LOVE)","U2",1984,60
"SUNDAY BLOODY SUNDAY","U2",1983,54
"SWEETEST THING","U2",1987,1
"VERTIGO","U2",2004,3
"WHEN LOVE COMES TO TOWN","U2",1988,1
"WHERE THE STREETS HAVE NO NAME","U2",1987,36
"WITH OR WITHOUT YOU","U2",1987,49
"RED RED WINE","UB40",1983,2
"LIGHTS OUT (LIVE)","UFO",1976,1
"STEALIN'","Uriah Heep",1973,2
"THE WIZARD","Uriah Heep",1972,1
"(OH) PRETTY WOMAN","Van Halen",1982,34
"1984/JUMP","Van Halen",1984,3
"AIN'T TALKIN' 'BOUT LOVE","Van Halen",1978,69
"AND THE CRADLE WILL ROCK...","Van Halen",1980,43
"BEAUTIFUL GIRLS","Van Halen",1979,44
"DANCE THE NIGHT AWAY","Van Halen",1979,106
"DANCING IN THE STREET","Van Halen",1982,57
"DREAMS","Van Halen",1986,25
"ERUPTION - YOU REALLY GOT ME","Van Halen",1978,25
"EVERYBODY WANTS SOME!!","Van Halen",1980,16
"HOT FOR TEACHER","Van Halen",1984,52
"I'M THE ONE","Van Halen",1978,4
"ICE CREAM MAN","Van Halen",1978,13
"JAMIE'S CRYIN'","Van Halen",1978,96
"JUMP","Van Halen",1984,72
"LITTLE GUITARS","Van Halen",1982,6
"LOVE WALKS IN","Van Halen",1986,4
"PANAMA","Van Halen",1984,89
"POUNDCAKE","Van Halen",1991,1
"RIGHT NOW","Van Halen",1991,25
"RUNNIN' WITH THE DEVIL","Van Halen",1978,81
"SUMMER NIGHTS","Van Halen",1986,4
"UNCHAINED","Van Halen",1981,49
"WHEN IT'S LOVE","Van Halen",1988,22
"WHERE HAVE ALL THE GOOD TIMES GONE!","Van Halen",1982,1
"WHY CAN'T THIS BE LOVE","Van Halen",1986,44
"YOU REALLY GOT ME","Van Halen",1978,70
"BROWN EYED GIRL","Van Morrison",1967,55
"CRAZY LOVE","Van Morrison",1970,1
"DOMINO","Van Morrison",1970,1
"INTO THE MYSTIC","Van Morrison",1970,1
"MOONDANCE","Van Morrison",1970,14
"WILD NIGHT","Van Morrison",1971,5
"BLISTER IN THE SUN","Violent Femmes",1982,1
"LOW RIDER","War",1975,81
"SPILL THE WINE","War",1970,2
"THE CISCO KID","War",1972,3
"WHY CAN'T WE BE FRIENDS","War",1975,1
"CHERRY PIE","Warrant",1990,6
"LAWYERS, GUNS AND MONEY","Warren Zevon",1978,3
"WEREWOLVES OF LONDON","Warren Zevon",1978,52
"BUDDY HOLLY","Weezer",1994,2
"FOOL FOR YOUR LOVING","Whitesnake",1980,3
"HERE I GO AGAIN","Whitesnake",1987,84
"IS THIS LOVE","Whitesnake",1987,7
"SLIDE IT IN","Whitesnake",1984,1
"PLAY THAT FUNKY MUSIC","Wild Cherry",1976,4
"PERSEPHONE","Wishbone Ash",1980,1
"CHANGES","Yes",1983,13
"I'VE SEEN ALL GOOD PEOPLE","Yes",1971,34
"IT CAN HAPPEN","Yes",1983,3
"LEAVE IT","Yes",1983,20
"LONG DISTANCE RUNAROUND","Yes",1972,35
"OWNER OF A LONELY HEART","Yes",1983,81
"ROUNDABOUT","Yes",1971,44
"STARSHIP TROOPER","Yes",1971,1
"YOURS IS NO DISGRACE","Yes",1971,1
"TIME OF THE SEASON","Zombies",1968,14
"ARRESTED FOR DRIVING WHILE BLIND","ZZ Top",1976,1
"BEER DRINKERS & HELL RAISERS","ZZ Top",1973,8
"CHEAP SUNGLASSES","ZZ Top",1980,34
"GIMME ALL YOUR LOVIN","ZZ Top",1983,86
"GOT ME UNDER PRESSURE","ZZ Top",1983,29
"HEARD IT ON THE X","ZZ Top",1975,2
"JESUS JUST LEFT CHICAGO","ZZ Top",1973,6
"LA GRANGE","ZZ Top",1973,111
"LEGS","ZZ Top",1983,121
"PEARL NECKLACE","ZZ Top",1981,5
"SHARP DRESSED MAN","ZZ Top",1983,120
"TUBE SNAKE BOOGIE","ZZ Top",1981,32
"TUSH","ZZ Top",1975,109
"TV DINNERS","ZZ Top",1983,1
"WAITIN' FOR THE BUS/JESUS JUST LEFT CHICAGO","ZZ Top",1973,2
